/*
SQLyog Ultimate v11.11 (64 bit)
MySQL - 5.6.23 : Database - mobly
*********************************************************************
*/

/*!40101 SET NAMES utf8 */;

/*!40101 SET SQL_MODE=''*/;

/*!40014 SET @OLD_UNIQUE_CHECKS=@@UNIQUE_CHECKS, UNIQUE_CHECKS=0 */;
/*!40014 SET @OLD_FOREIGN_KEY_CHECKS=@@FOREIGN_KEY_CHECKS, FOREIGN_KEY_CHECKS=0 */;
/*!40101 SET @OLD_SQL_MODE=@@SQL_MODE, SQL_MODE='NO_AUTO_VALUE_ON_ZERO' */;
/*!40111 SET @OLD_SQL_NOTES=@@SQL_NOTES, SQL_NOTES=0 */;
CREATE DATABASE /*!32312 IF NOT EXISTS*/`mobly` /*!40100 DEFAULT CHARACTER SET latin1 */;

USE `mobly`;

/*Table structure for table `mobly_categorias` */

DROP TABLE IF EXISTS `mobly_categorias`;

CREATE TABLE `mobly_categorias` (
  `cat_idCategoria` int(11) unsigned NOT NULL AUTO_INCREMENT,
  `cat_idCategoriaPai` int(11) unsigned DEFAULT NULL,
  `cat_nome` varchar(50) NOT NULL,
  `cat_ordem` int(10) unsigned NOT NULL DEFAULT '1',
  `cat_status` tinyint(1) unsigned NOT NULL DEFAULT '1',
  PRIMARY KEY (`cat_idCategoria`)
) ENGINE=InnoDB AUTO_INCREMENT=46 DEFAULT CHARSET=latin1;

/*Data for the table `mobly_categorias` */

LOCK TABLES `mobly_categorias` WRITE;

insert  into `mobly_categorias`(`cat_idCategoria`,`cat_idCategoriaPai`,`cat_nome`,`cat_ordem`,`cat_status`) values (1,NULL,'Felicidade',1,1),(2,NULL,'Sucesso',2,1),(3,NULL,'Riqueza',3,1),(4,NULL,'Futuro',4,1),(5,1,'Amor e relacionamentos',1,1),(6,1,'Esportes\r',1,1),(7,1,'Autoajuda e inspiração',1,1),(8,1,'Qualidade de vida\r',1,1),(9,1,'Espiritualidade\r',1,1),(10,1,'Psicologia\r',1,1),(11,1,'Vida prática\r',1,1),(12,1,'Mulher\r',1,1),(13,1,'Autoajuda\r',1,1),(14,1,'Sexualidade\r',1,1),(15,1,'Saúde\r',1,1),(16,1,'Relacionamento',1,1),(20,2,'Redes sociais e tecnologia\r',1,1),(21,2,'Negócios\r',1,1),(22,2,'Carreira\r',1,1),(23,2,'Gestão\r',1,1),(24,2,'Gestão e negócios\r',1,1),(25,2,'Biografia\r',1,1),(26,2,'Negócios e tecnologia\r',1,1),(27,2,'Gestão e negócios/ Vendas\r',1,1),(28,2,'Marketing e vendas\r',1,1),(29,2,'Empreendedorismo\r',1,1),(30,2,'Marketing \r',1,1),(31,2,'Gestão e Carreira\r',1,1),(32,2,'Vendas\r',1,1),(33,2,'Gestão, carreira e negócios\r',1,1),(35,3,'Finanças pessoais\r',1,1),(36,3,'Educação Financeira\r',1,1),(38,4,'Educação\r',1,1),(39,4,'Pais e filhos\r',1,1),(40,4,'Professores\r',1,1),(41,4,'Carreira',1,1),(42,1,'Giftbook',13,1),(43,NULL,'Única Editora',5,0),(44,43,'Ficção',1,1),(45,43,'Literatura Estrangeira',2,1);

UNLOCK TABLES;

/*Table structure for table `mobly_clientes` */

DROP TABLE IF EXISTS `mobly_clientes`;

CREATE TABLE `mobly_clientes` (
  `cli_idCliente` int(11) unsigned NOT NULL AUTO_INCREMENT,
  `cli_dataCadastro` datetime NOT NULL,
  `cli_nome` varchar(80) NOT NULL,
  `cli_cpf` varchar(14) NOT NULL,
  `cli_rg` varchar(20) DEFAULT NULL,
  `cli_nascimento` date DEFAULT NULL,
  `cli_sexo` enum('M','F') NOT NULL,
  `cli_email` varchar(80) NOT NULL,
  `cli_senha` varchar(15) NOT NULL,
  `cli_telefone` varchar(14) NOT NULL,
  `cli_fax` varchar(13) DEFAULT NULL,
  `cli_celular` varchar(14) DEFAULT NULL,
  `cli_endereco_cep` varchar(9) NOT NULL,
  `cli_endereco_endereco` varchar(120) NOT NULL,
  `cli_endereco_numero` varchar(20) NOT NULL,
  `cli_endereco_complemento` varchar(50) DEFAULT NULL,
  `cli_endereco_bairro` varchar(60) NOT NULL,
  `cli_endereco_cidade` varchar(60) NOT NULL,
  `cli_endereco_uf` char(2) NOT NULL,
  `cli_newsletter` tinyint(1) unsigned NOT NULL DEFAULT '1',
  `cli_endereco_tipoEndereco` enum('R','C') NOT NULL,
  `cli_referencia` varchar(50) DEFAULT NULL,
  `cli_status` tinyint(1) unsigned NOT NULL DEFAULT '1',
  PRIMARY KEY (`cli_idCliente`)
) ENGINE=InnoDB AUTO_INCREMENT=1339 DEFAULT CHARSET=latin1;

/*Data for the table `mobly_clientes` */

LOCK TABLES `mobly_clientes` WRITE;

insert  into `mobly_clientes`(`cli_idCliente`,`cli_dataCadastro`,`cli_nome`,`cli_cpf`,`cli_rg`,`cli_nascimento`,`cli_sexo`,`cli_email`,`cli_senha`,`cli_telefone`,`cli_fax`,`cli_celular`,`cli_endereco_cep`,`cli_endereco_endereco`,`cli_endereco_numero`,`cli_endereco_complemento`,`cli_endereco_bairro`,`cli_endereco_cidade`,`cli_endereco_uf`,`cli_newsletter`,`cli_endereco_tipoEndereco`,`cli_referencia`,`cli_status`) values (1338,'2015-05-08 02:20:56','Rodrigo','311.708.458-43','36451455','1983-02-05','M','r.lacerda83@gmail.com','123mudar','(11)2364-3208','','','05346-000','Av. Jaguare','249','','Jaguare','Sao Paulo','SP',1,'R','',1);

UNLOCK TABLES;

/*Table structure for table `mobly_galerias` */

DROP TABLE IF EXISTS `mobly_galerias`;

CREATE TABLE `mobly_galerias` (
  `gal_idGaleria` int(11) unsigned NOT NULL AUTO_INCREMENT,
  `gal_idGaleriaPai` varchar(10) DEFAULT NULL,
  `gal_nome` varchar(60) NOT NULL,
  PRIMARY KEY (`gal_idGaleria`)
) ENGINE=InnoDB AUTO_INCREMENT=5 DEFAULT CHARSET=latin1;

/*Data for the table `mobly_galerias` */

LOCK TABLES `mobly_galerias` WRITE;

UNLOCK TABLES;

/*Table structure for table `mobly_galerias_arquivos` */

DROP TABLE IF EXISTS `mobly_galerias_arquivos`;

CREATE TABLE `mobly_galerias_arquivos` (
  `gal_arq_idArquivo` int(11) unsigned NOT NULL AUTO_INCREMENT,
  `gal_arq_idGaleria` varchar(10) NOT NULL,
  `gal_arq_nome` varchar(60) NOT NULL DEFAULT '',
  `gal_arq_data` datetime NOT NULL,
  PRIMARY KEY (`gal_arq_idArquivo`),
  KEY `FK_gal_arq_idGaleria` (`gal_arq_idGaleria`)
) ENGINE=InnoDB AUTO_INCREMENT=1017 DEFAULT CHARSET=latin1;

/*Data for the table `mobly_galerias_arquivos` */

LOCK TABLES `mobly_galerias_arquivos` WRITE;

insert  into `mobly_galerias_arquivos`(`gal_arq_idArquivo`,`gal_arq_idGaleria`,`gal_arq_nome`,`gal_arq_data`) values (24,'p','boneco-assassino_1.jpg','2012-10-09 12:49:33'),(143,'p','mini-jeison.jpg','2012-10-31 11:00:24');

UNLOCK TABLES;

/*Table structure for table `mobly_marcas` */

DROP TABLE IF EXISTS `mobly_marcas`;

CREATE TABLE `mobly_marcas` (
  `marc_idMarca` int(11) unsigned NOT NULL AUTO_INCREMENT,
  `marc_idLogo` int(11) unsigned DEFAULT NULL,
  `marc_idBanner` int(11) unsigned DEFAULT NULL,
  `marc_nome` varchar(60) NOT NULL,
  `marc_tipo` enum('N','I') NOT NULL DEFAULT 'N',
  `marc_status` tinyint(1) unsigned NOT NULL DEFAULT '1',
  PRIMARY KEY (`marc_idMarca`),
  KEY `FK_marc_idLogo` (`marc_idLogo`),
  KEY `FK_marc_idBanner` (`marc_idBanner`),
  CONSTRAINT `FK_marc_idBanner` FOREIGN KEY (`marc_idBanner`) REFERENCES `mobly_galerias_arquivos` (`gal_arq_idArquivo`),
  CONSTRAINT `FK_marc_idLogo` FOREIGN KEY (`marc_idLogo`) REFERENCES `mobly_galerias_arquivos` (`gal_arq_idArquivo`)
) ENGINE=InnoDB AUTO_INCREMENT=3 DEFAULT CHARSET=latin1;

/*Data for the table `mobly_marcas` */

LOCK TABLES `mobly_marcas` WRITE;

insert  into `mobly_marcas`(`marc_idMarca`,`marc_idLogo`,`marc_idBanner`,`marc_nome`,`marc_tipo`,`marc_status`) values (1,NULL,NULL,'Mobly','N',1);

UNLOCK TABLES;

/*Table structure for table `mobly_pedidos` */

DROP TABLE IF EXISTS `mobly_pedidos`;

CREATE TABLE `mobly_pedidos` (
  `ped_idPedido` bigint(11) unsigned NOT NULL AUTO_INCREMENT,
  `ped_idCliente` int(11) unsigned NOT NULL,
  `ped_data` datetime NOT NULL,
  `ped_observacoes` text,
  `ped_destinatario` varchar(150) DEFAULT NULL,
  PRIMARY KEY (`ped_idPedido`),
  KEY `FK_ped_idCliente` (`ped_idCliente`),
  CONSTRAINT `FK_ped_idCliente` FOREIGN KEY (`ped_idCliente`) REFERENCES `mobly_clientes` (`cli_idCliente`) ON DELETE CASCADE
) ENGINE=InnoDB AUTO_INCREMENT=7 DEFAULT CHARSET=latin1;

/*Data for the table `mobly_pedidos` */

LOCK TABLES `mobly_pedidos` WRITE;

insert  into `mobly_pedidos`(`ped_idPedido`,`ped_idCliente`,`ped_data`,`ped_observacoes`,`ped_destinatario`) values (1,1338,'2015-05-08 00:31:59',NULL,NULL),(3,1338,'2015-05-08 00:33:00',NULL,NULL),(6,1338,'2015-05-08 01:46:46',NULL,NULL);

UNLOCK TABLES;

/*Table structure for table `mobly_pedidos_entrega` */

DROP TABLE IF EXISTS `mobly_pedidos_entrega`;

CREATE TABLE `mobly_pedidos_entrega` (
  `ped_ent_idPedido` bigint(11) unsigned NOT NULL,
  `ped_ent_logradouro` varchar(160) NOT NULL DEFAULT '',
  `ped_ent_numero` varchar(20) NOT NULL DEFAULT '',
  `ped_ent_complemento` varchar(40) DEFAULT NULL,
  `ped_ent_cep` varchar(9) NOT NULL DEFAULT '',
  `ped_ent_bairro` varchar(60) NOT NULL DEFAULT '',
  `ped_ent_cidade` varchar(60) NOT NULL DEFAULT '',
  `ped_ent_uf` varchar(2) NOT NULL DEFAULT '',
  `ped_ent_forma` char(1) NOT NULL DEFAULT '',
  `ped_ent_servico` varchar(10) NOT NULL,
  `ped_ent_valor` float NOT NULL,
  `ped_ent_codigo_rastreamento` varchar(30) DEFAULT NULL,
  PRIMARY KEY (`ped_ent_idPedido`),
  CONSTRAINT `FK_ped_ent_idPedido` FOREIGN KEY (`ped_ent_idPedido`) REFERENCES `mobly_pedidos` (`ped_idPedido`) ON DELETE CASCADE
) ENGINE=InnoDB DEFAULT CHARSET=latin1;

/*Data for the table `mobly_pedidos_entrega` */

LOCK TABLES `mobly_pedidos_entrega` WRITE;

insert  into `mobly_pedidos_entrega`(`ped_ent_idPedido`,`ped_ent_logradouro`,`ped_ent_numero`,`ped_ent_complemento`,`ped_ent_cep`,`ped_ent_bairro`,`ped_ent_cidade`,`ped_ent_uf`,`ped_ent_forma`,`ped_ent_servico`,`ped_ent_valor`,`ped_ent_codigo_rastreamento`) values (1,'Av. Jaguare','249','','05346-000','Jaguare','Sao Paulo','SP','C','40010',1,''),(3,'Av. Jaguare','249','','05346-000','Jaguare','Sao Paulo','SP','C','41068',1,''),(6,'Av. Jaguare','249','','05346-000','Jaguare','Sao Paulo','SP','C','40010',1,'');

UNLOCK TABLES;

/*Table structure for table `mobly_pedidos_items` */

DROP TABLE IF EXISTS `mobly_pedidos_items`;

CREATE TABLE `mobly_pedidos_items` (
  `ped_item_idItem` int(11) unsigned NOT NULL AUTO_INCREMENT,
  `ped_item_idPedido` bigint(11) unsigned NOT NULL,
  `ped_item_sku` varchar(20) NOT NULL,
  `ped_item_presente` tinyint(1) unsigned NOT NULL DEFAULT '0',
  `ped_item_presenteValor` float DEFAULT NULL,
  `ped_item_quantidade` int(10) NOT NULL,
  `ped_item_valorUnitario` float NOT NULL,
  PRIMARY KEY (`ped_item_idItem`),
  KEY `FK_ped_item_idPedido` (`ped_item_idPedido`),
  KEY `FK_ped_item_sku` (`ped_item_sku`),
  CONSTRAINT `FK_ped_item_idPedido` FOREIGN KEY (`ped_item_idPedido`) REFERENCES `mobly_pedidos` (`ped_idPedido`) ON DELETE CASCADE,
  CONSTRAINT `FK_ped_item_sku` FOREIGN KEY (`ped_item_sku`) REFERENCES `mobly_produtos_sku` (`prod_sku_SKU`) ON UPDATE CASCADE
) ENGINE=InnoDB AUTO_INCREMENT=5 DEFAULT CHARSET=latin1;

/*Data for the table `mobly_pedidos_items` */

LOCK TABLES `mobly_pedidos_items` WRITE;

insert  into `mobly_pedidos_items`(`ped_item_idItem`,`ped_item_idPedido`,`ped_item_sku`,`ped_item_presente`,`ped_item_presenteValor`,`ped_item_quantidade`,`ped_item_valorUnitario`) values (1,1,'11220',0,NULL,1,26.9),(2,3,'11021',0,NULL,1,17.9),(3,6,' 011197',0,NULL,1,24.9),(4,6,'011207',0,NULL,1,24.9);

UNLOCK TABLES;

/*Table structure for table `mobly_pedidos_status` */

DROP TABLE IF EXISTS `mobly_pedidos_status`;

CREATE TABLE `mobly_pedidos_status` (
  `ped_status_idStatus` int(11) unsigned NOT NULL AUTO_INCREMENT,
  `ped_status_idPedido` bigint(11) unsigned NOT NULL,
  `ped_status_valor` tinyint(1) unsigned NOT NULL COMMENT '1=Aguardando Pagamento; 2=Aguardando Confirmação; 3=Pagamento Confirmado; 4=Pedido Entregue; 5=Cancelado',
  `ped_status_data` datetime NOT NULL,
  `ped_status_descricao` text,
  PRIMARY KEY (`ped_status_idStatus`),
  KEY `FK_ped_status_idPedido` (`ped_status_idPedido`),
  CONSTRAINT `FK_ped_status_idPedido` FOREIGN KEY (`ped_status_idPedido`) REFERENCES `mobly_pedidos` (`ped_idPedido`) ON DELETE CASCADE
) ENGINE=InnoDB AUTO_INCREMENT=5 DEFAULT CHARSET=latin1;

/*Data for the table `mobly_pedidos_status` */

LOCK TABLES `mobly_pedidos_status` WRITE;

insert  into `mobly_pedidos_status`(`ped_status_idStatus`,`ped_status_idPedido`,`ped_status_valor`,`ped_status_data`,`ped_status_descricao`) values (1,1,1,'2015-05-08 00:31:59','Pedido iniciado'),(2,3,1,'2015-05-08 00:33:00','Pedido iniciado'),(3,3,3,'2015-05-08 01:26:13','Seu pagamento foi confirmado e seu pedido será enviado em breve.'),(4,6,1,'2015-05-08 01:46:46','Pedido iniciado');

UNLOCK TABLES;

/*Table structure for table `mobly_produtos` */

DROP TABLE IF EXISTS `mobly_produtos`;

CREATE TABLE `mobly_produtos` (
  `prod_idProduto` int(11) unsigned NOT NULL AUTO_INCREMENT,
  `prod_dataCadastro` datetime NOT NULL,
  `prod_tipo` tinyint(1) NOT NULL DEFAULT '0' COMMENT '0 => Produto; 1 => Kit',
  `prod_idMarca` int(11) unsigned NOT NULL,
  `prod_nome` varchar(100) NOT NULL DEFAULT '',
  `prod_tags` varchar(200) DEFAULT NULL,
  `prod_meta_title` varchar(70) DEFAULT NULL,
  `prod_meta_tags` varchar(200) DEFAULT NULL,
  `prod_meta_description` varchar(200) DEFAULT NULL,
  `prod_descricao` text,
  `prod_destaqueHome` tinyint(1) NOT NULL DEFAULT '0',
  `prod_status` tinyint(1) unsigned NOT NULL DEFAULT '1',
  PRIMARY KEY (`prod_idProduto`),
  KEY `FK_prod_idMarca` (`prod_idMarca`),
  KEY `IDX_prod_tags` (`prod_tags`),
  KEY `IDX_prod_nome` (`prod_nome`),
  CONSTRAINT `FK_prod_idMarca` FOREIGN KEY (`prod_idMarca`) REFERENCES `mobly_marcas` (`marc_idMarca`)
) ENGINE=InnoDB AUTO_INCREMENT=315 DEFAULT CHARSET=latin1;

/*Data for the table `mobly_produtos` */

LOCK TABLES `mobly_produtos` WRITE;

insert  into `mobly_produtos`(`prod_idProduto`,`prod_dataCadastro`,`prod_tipo`,`prod_idMarca`,`prod_nome`,`prod_tags`,`prod_meta_title`,`prod_meta_tags`,`prod_meta_description`,`prod_descricao`,`prod_destaqueHome`,`prod_status`) values (2,'2012-10-17 14:52:10',0,1,'50 maneiras de decifrar seu homem','tags','','','','<p>teste</p>',0,1),(3,'2012-10-17 14:52:10',0,1,'A arte da guerra de Sun Tzu','Estratégia, Liderança','','','','<p>Esta obra traz os treze cap&iacute;tulos originais escritos por Sun Tzu e  comentados pelo general chin&ecirc;s Tao Hanzhang. Precis&atilde;o, timing, manobras  estrat&eacute;gia, flexiilidade, lideran&ccedil;a, conhecimento dos pontos forte e  fraco do inimigo, entre outros, s&atilde;o temas abordados neste livro.</p>',0,1),(4,'2012-10-17 14:52:10',0,1,'A construção do corredor mudei banco','Corrida, Saúde, Performance','','','','<p style=\"text-align: justify;\">Em A constru&ccedil;&atilde;o do corredor, Miguel Sarkis mostra por que correr &eacute; uma  atividade eficiente para obter disposi&ccedil;&atilde;o, agilidade e vigor f&iacute;sico,  incluindo programas de treinamento, desde 5 km at&eacute; maratonas, para  corredores iniciantes e de alto desempenho. O autor explica que, apesar  de saud&aacute;vel, correr requer prepara&ccedil;&atilde;o especial para resultados  satisfat&oacute;rios, na busca de equil&iacute;brio e manuten&ccedil;&atilde;o da sa&uacute;de. Portanto,  mantenha seus dois p&eacute;s no ch&atilde;o, e se prepare para uma corrida que vai  mudar a sua vida.</p>',0,1),(5,'2012-10-17 14:52:10',0,1,'A coragem de confiar','Medo, Superação, Coragem, Realização','','','','<p style=\"text-align: justify;\">Neste livro, Roberto Shinyashiki fala sobre como acabar com essa ang&uacute;stia e n&atilde;o deixar que o medo se torne o seu estilo de vida. Ele divide com voc&ecirc; seu segredo pessoal de supera&ccedil;&atilde;o: &ldquo;A verdade &eacute; que confio em tr&ecirc;s for&ccedil;as nesta vida: primeiro, e mais do que tudo, confio em Deus. Segundo, acredito e confio nas pessoas. Terceiro, confio em mim mesmo&rdquo;.</p>',0,1),(6,'2012-10-17 14:52:10',0,1,'A emoção é inimiga do dinheiro','Investimento, Lucros, Bolsa de valores','','','','<p style=\"text-align: justify;\">Quando o assunto &eacute; dinheiro e investimentos, a emo&ccedil;&atilde;o fica &agrave; flor da  pele; por&eacute;m, ela pode ser a maior inimiga dos lucros. O doutor Terry  Burnham, estudioso da aplica&ccedil;&atilde;o de conceitos da biologia na economia,  lan&ccedil;a um olhar profundo no assunto e mostra como voc&ecirc; pode driblar a  influ&ecirc;ncia dos instintos primitivos e lucrar com seus investimentos,  apontando como evitar os erros mais comuns e sempre prosperar no mercado  financeiro.</p>',0,1),(7,'2012-10-17 14:52:10',0,1,'A estratégia do olho de tigre','Carreira, Estratégia, Liderança, Negócios, Sucesso','','','','<p style=\"text-align: justify;\">Um livro que ensina aos profissionais, que querem evoluir na carreira,  os segredos para vencer no mundo competitivo do mercado de trabalho por  meio da estrat&eacute;gia do olho de tigre.</p>',1,1),(8,'2012-10-17 14:52:10',0,1,'A família empresária','Negócios, Poder, Dinheiro, Família','','','','<p style=\"text-align: justify;\">Um livro destinado a todas as fam&iacute;lias empres&aacute;rias onde os autores  ajudam a organizar o ritmo empresarial sem danificar o conv&iacute;vio afetuoso  e familiar.</p>',0,1),(9,'2012-10-17 14:52:10',0,1,'A grande virada','Superação, Mudança, Conquistas','','','','<p style=\"text-align: justify;\">A grande virada s&atilde;o as escolhas que decidem a sua trajet&oacute;ria. E as 50  regras de ouro para dar a volta por cima s&atilde;o os ingredientes para voc&ecirc;  mudar e superar seus limites, antes que o mundo o obrigue a isso.  Revolucione-se, gire, vire a vida, dome um le&atilde;o por dia e sorria ao  olhar para as estrelas. E o universo inteiro sorrir&aacute; para voc&ecirc;!</p>',0,1),(10,'2012-10-17 14:52:10',0,1,'A juventude além do tempo','Jovem, Aparencia, Saúde, Terceira Idade','','','','<p style=\"text-align: justify;\">Este livro vai ajudar voc&ecirc; a conquistar a sa&uacute;de, a beleza e a juventude  biol&oacute;gica que voc&ecirc; sempre quis ter, independentemente de sua idade, por  interm&eacute;dio dos programas antienvelhecimento, a mais nova vertente da  ci&ecirc;ncia m&eacute;dica.</p>',0,1),(11,'2012-10-17 14:52:10',0,1,'A linguagem de Deus','Espiritualidade, Alma, Deus','','','','<p style=\"text-align: justify;\">A linguagem de Deus &eacute; um livro que vem esclarecer o dilema existente  entre a f&eacute; em Deus e a f&eacute; na ci&ecirc;ncia. O brilhante cientista americano  Francis Collins, com suas embasadas evid&ecirc;ncias, exp&otilde;e que a religi&atilde;o e  os conhecimentos cient&iacute;ficos n&atilde;o s&atilde;o incompat&iacute;veis, mas sim  complementares.</p>',0,1),(12,'2012-10-17 14:52:10',0,1,'A origem dos meus sonhos','.','','','','',0,1),(13,'2012-10-17 14:52:10',0,1,'A religião do cérebro','.','','','','',0,1),(14,'2012-10-17 14:52:10',0,1,'A saga de um campeão','.','','','','',0,1),(15,'2012-10-17 14:52:10',0,1,'A síndrome de Aquiles','.','','','','',0,1),(16,'2012-10-17 14:52:10',0,1,'A vida é um milagre','.','','','','<p><span style=\"font-family: \'Arial\',\'sans-serif\'; color: black; font-size: 10pt;\">H&aacute; acontecimentos em nossa vida que parecem gritos do universo para nos acordar para a vida; momentos de crise ou turbul&ecirc;ncia que podem se transformar em nosso verdadeiro nascimento existencial.</span></p>\r\n<p style=\"word-spacing: 0px;\"><span style=\"font-family: \'Arial\',\'sans-serif\'; color: black; font-size: 10pt;\">Todos almejam uma vida tranquila e prazerosa, mas todos sabemos que n&atilde;o &eacute; poss&iacute;vel viver sem passar por momentos de adversidade e de grande dificuldade. O que fazer nas horas dif&iacute;ceis? Como enfrentar os inevit&aacute;veis problemas?</span></p>\r\n<p style=\"word-spacing: 0px;\"><span style=\"font-family: \'Arial\',\'sans-serif\'; color: black; font-size: 10pt;\">&Eacute; exatamente sobre isso que esse livro trata. Ele traz a hist&oacute;ria representativa e simb&oacute;lica, de um percurso de crescimento e mudan&ccedil;as realizado por um homem em um momento dif&iacute;cil e decisivo de sua vida.</span></p>\r\n<p style=\"word-spacing: 0px;\"><span style=\"font-family: \'Arial\',\'sans-serif\'; color: black; font-size: 10pt;\">Nestas paginas, voc&ecirc; vai conhecer a hist&oacute;ria de uma profunda experi&ecirc;ncia humana, na qual o resgate do pr&oacute;prio poder pessoal &eacute; o fator que transforma completamente, devolvendo a liberdade e a paz t&atilde;o almejadas. Voc&ecirc; ver&aacute; como, por vezes</span><span style=\"font-family: \'Arial\',\'sans-serif\'; color: #1f497d; font-size: 10pt;\">,</span><span style=\"font-family: \'Arial\',\'sans-serif\'; color: black; font-size: 10pt;\"> a adversidade pode mudar tudo para melhor, e como, a partir disso, acontecem mudan&ccedil;as radicais e surpreendente</span><span style=\"font-family: \'Arial\',\'sans-serif\'; color: #1f497d; font-size: 10pt;\">s</span><span style=\"font-family: \'Arial\',\'sans-serif\'; color: black; font-size: 10pt;\">.</span></p>\r\n<p style=\"word-spacing: 0px;\"><span style=\"font-family: \'Arial\',\'sans-serif\'; color: black; font-size: 10pt;\">Porque a vida &eacute; um milagre</span></p>',0,1),(17,'2012-10-17 14:52:10',0,1,'Abram Szajman','.','','','','',0,1),(18,'2012-10-17 14:52:10',0,1,'Acabe com a ansiedade antes que ela acabe com você','.','','','','',0,1),(19,'2012-10-17 14:52:10',0,1,'Ação empreendedora','.','','','','',0,1),(20,'2012-10-17 14:52:10',0,1,'Ações feitas para vencer','.','','','','',0,1),(21,'2012-10-17 14:52:10',0,1,'Acorda Brasil','.','','','','',0,1),(22,'2012-10-17 14:52:10',0,1,'Afinal, o que querem os homens?','.','','','','',0,1),(23,'2012-10-17 14:52:10',0,1,'Amar pode dar certo','.','','','','',0,1),(25,'2012-10-17 14:52:10',0,1,'Anjo de quatro patas','.','','','','',0,1),(26,'2012-10-17 14:52:10',0,1,'Antes tarde do que nunca','.','','','','',0,1),(27,'2012-10-17 14:52:10',0,1,'As 7 dimensões da comunicação verbal','.','','','','',0,1),(28,'2012-10-17 14:52:10',0,1,'As pessoas na organização','.','','','','',0,1),(29,'2012-10-17 14:52:10',0,1,'Atitudes para enriquecer','.','','','','',0,1),(30,'2012-10-17 14:52:10',0,1,'Bebê, manual do proprietário','.','','','','<p>Edi&ccedil;&atilde;o em preto e branco.</p>',0,1),(32,'2012-10-17 14:52:10',0,1,'Bons amigos, maus amigos','.','','','','',0,1),(34,'2012-10-17 14:52:10',0,1,'Cachorro: manual do proprietário','.','','','','',0,1),(35,'2012-10-17 14:52:10',0,1,'Carreira sustentável','.','','','','',0,1),(36,'2012-10-17 14:52:10',0,1,'Casa Hope','.','','','','',0,1),(37,'2012-10-17 14:52:10',0,1,'Casa limpa e arrumada','.','','','','',0,1),(38,'2012-10-17 14:52:10',0,1,'Casais inteligentes enriquecem juntos','.','','','','',0,0),(39,'2012-10-17 14:52:10',0,1,'Cash! ','.','','','','',0,1),(40,'2012-10-17 14:52:10',0,1,'Cause impacto!','.','','','','',0,1),(41,'2012-10-17 14:52:10',0,1,'Coaching eficaz','.','','','','',0,1),(42,'2012-10-17 14:52:10',0,1,'Coincidências existem?','.','','','','',0,1),(43,'2012-10-17 14:52:10',0,1,'Como criar filhos autoconfiantes','.','','','','',0,1),(44,'2012-10-17 14:52:10',0,1,'Como educar crianças temperamentais','.','','','','',0,1),(45,'2012-10-17 14:52:10',0,1,'Como falar de sexo com seus filhos','.','','','','',0,1),(46,'2012-10-17 14:52:10',0,1,'Como ficar muito rico com vendas','.','','','','',0,1),(47,'2012-10-17 14:52:10',0,1,'Concentração: o segredo das pessoas produtivas','.','','','','',0,1),(48,'2012-10-17 14:52:10',0,1,'Conexões empreendedoras','.','','','','',0,1),(51,'2012-10-17 14:52:10',0,1,'Coração da liderança','.','','','','',0,1),(52,'2012-10-17 14:52:10',0,1,'Crianças de 1 a 3 anos, manual proprietário','.','','','','',0,1),(53,'2012-10-17 14:52:10',0,1,'De herdeiro para herdeiro','.','','','','',0,1),(54,'2012-10-17 14:52:10',0,1,'Descobrindo o valor das coisas','.','','','','',0,1),(55,'2012-10-17 14:52:10',0,1,'Dinheiro, os segredos de quem tem - pocket','.','','','','',0,1),(56,'2012-10-17 14:52:10',0,1,'Dinheiro, os segredos de quem tem ','.','','','','',0,1),(57,'2012-10-17 14:52:10',0,1,'Dinheiro, trabalho, espiritualidade','.','','','','',0,1),(58,'2012-10-17 14:52:10',0,1,'Divas no divã','.','','','','',0,1),(59,'2012-10-17 14:52:10',0,1,'Educação corporativa no Brasil','.','','','','',0,1),(60,'2012-10-17 14:52:10',0,1,'Educação pelo amor de Deus','.','','','','',0,1),(61,'2012-10-17 14:52:10',0,1,'Educar, uma lição de amor','.','','','','',0,1),(62,'2012-10-17 14:52:10',0,1,'Empreender em 100 lições','.','','','','',0,1),(63,'2012-10-17 14:52:10',0,1,'Empregabilidade','.','','','','',0,1),(64,'2012-10-17 14:52:10',0,1,'Empresários no Divã','.','','','','<p style=\"text-align: center;\"><span style=\"text-decoration: underline;\"><strong>A psicodin&acirc;mica nos neg&oacute;cios</strong></span></p>\n<p>&nbsp;</p>\n<p style=\"text-align: justify;\">Empres&aacute;rios e donos de neg&oacute;cios vivem, todos os dias, uma enorme e sufocante press&atilde;o com tantos problemas que recaem sobre eles, na luta di&aacute;ria para ser bem-sucedidos. Na verdade, existem quest&otilde;es dif&iacute;ceis nas empresas que, por mais que se tente de todas as maneiras, parecem n&atilde;o ter solu&ccedil;&atilde;o. O estresse &eacute; imenso, o peso da responsabilidade &eacute; gigantesco, e alguns entraves parecem ser mais recorrentes:</p>\n<ul>\n<li>Dificuldades em lidar com s&oacute;cios, especialmente em momentos de crise</li>\n<li>Falta de tempo para a fam&iacute;lia e para a vida pessoal</li>\n<li>Problemas gerados por decis&otilde;es precipitadas ou n&atilde;o acertadas</li>\n<li>Dificuldades de comunica&ccedil;&atilde;o e <em>feedback</em> entre s&oacute;cios, equipe e parceiros</li>\n<li>Problemas de relacionamento em empresas familiares</li>\n<li>Dificuldades na gest&atilde;o de pessoas por falta de comprometimento e baixa produtividade</li>\n<li>Problemas financeiros e dificuldades de fazer a empresa crescer e ser mais rent&aacute;vel</li>\n</ul>\n<p>&nbsp;</p>\n<p style=\"text-align: justify;\">Para o autor desta obra, existe uma raiz profunda que origina todos esses problemas. Ela n&atilde;o est&aacute; na empresa em si, mas na mente dos empres&aacute;rios, na sua psique, determinando suas atitudes. E &eacute; poss&iacute;vel resolv&ecirc;-los entendendo o mosaico de aspectos psicol&oacute;gicos e psicanal&iacute;ticos que comp&otilde;em o dono de neg&oacute;cio e solucionando seus conflitos internos. Dessa maneira, sua empresa e seus neg&oacute;cios v&atilde;o poder crescer e deslanchar.</p>\n<p><strong>&nbsp;</strong></p>\n<p style=\"text-align: center;\"><strong>Para melhorar sua empresa, melhore voc&ecirc;!</strong></p>',0,1),(65,'2012-10-17 14:52:10',0,1,'Ensine seu filho a cuidar de dinheiro','.','','','','',0,1),(66,'2012-10-17 14:52:10',0,1,'Espírito de empresário','.','','','','',0,1),(67,'2012-10-17 14:52:10',0,1,'Esportismo','.','','','','',0,1),(68,'2012-10-17 14:52:10',0,1,'Faça todo mundo gostar de você em 90 segundos','.','','','','',0,1),(69,'2012-10-17 14:52:10',0,1,'Família, afeto e finanças','.','','','','',0,1),(70,'2012-10-17 14:52:10',0,1,'Família afeto e finanças','familia, afeto, finanças, família,','','','','',0,1),(71,'2012-10-17 14:52:10',0,1,'Filhos autônomos, filhos felizes','.','','','','',0,1),(72,'2012-10-17 14:52:10',0,1,'Fique rica sem culpa','.','','','','',0,1),(73,'2012-10-17 14:52:10',0,1,'Foco do cliente','.','','','','',0,1),(74,'2012-10-17 14:52:10',0,1,'Foi ele que começou, mãe!','.','','','','',0,1),(75,'2012-10-17 14:52:10',0,1,'Gato: manual do proprietário','.','','','','',0,1),(76,'2012-10-17 14:52:10',0,1,'Gente que faz','.','','','','',0,1),(77,'2012-10-17 14:52:10',0,1,'Gestão de desempenho','.','','','','',0,1),(78,'2012-10-17 14:52:10',0,1,'Gestão por competências','.','','','','',0,1),(79,'2012-10-17 14:52:10',0,1,'Governança corporativa','.','','','','',0,1),(80,'2012-10-17 14:52:10',0,1,'Governança corporativa ','.','','','','',0,1),(81,'2012-10-17 14:52:10',0,1,'Grandes lideres da historia','.','','','','',0,1),(82,'2012-10-17 14:52:10',0,1,'Guia men\'s health para o melhor sexo do mundo','.','','','','',0,1),(83,'2012-10-17 14:52:10',0,1,'Haja coração','.','','','','',0,1),(84,'2012-10-17 14:52:10',0,1,'Heróis de verdade','.','','','','',0,1),(86,'2012-10-17 14:52:10',0,1,'Inovação com resultados','.','','','','',0,1),(87,'2012-10-17 14:52:10',0,1,'Inteligência mercadológica','.','','','','',0,1),(88,'2012-10-17 14:52:10',0,1,'Lições da água','.','','','','',0,1),(89,'2012-10-17 14:52:10',0,1,'Liderança para fazer acontecer','.','','','','',0,1),(90,'2012-10-17 14:52:10',0,1,'Linda, sexy e rica','.','','','','',0,1),(91,'2012-10-17 14:52:10',0,1,'Livre-se da síndrome da superesposa','.','','','','',0,1),(92,'2012-10-17 14:52:10',0,1,'Loops ','.','','','','',0,1),(93,'2012-10-17 14:52:10',0,1,'Luxo for all','.','','','','',0,1),(94,'2012-10-17 14:52:10',0,1,'Manual da noiva','.','','','','',0,1),(95,'2012-10-17 14:52:10',0,1,'Manual de gestão de pessoas e equipes, vol- 1','.','','','','',0,1),(96,'2012-10-17 14:52:10',0,1,'Manual de gestão de pessoas e equipes, vol-2','.','','','','',0,1),(97,'2012-10-17 14:52:10',0,1,'Manual do noivo','.','','','','',0,1),(98,'2012-10-17 14:52:10',0,1,'Marca de mulher','.','','','','',0,1),(99,'2012-10-17 14:52:10',0,1,'Marketing de verdade','.','','','','',0,1),(100,'2012-10-17 14:52:10',0,1,'Media training','.','','','','',0,1),(101,'2012-10-17 14:52:10',0,1,'Meditação para pessoas ocupadas','.','','','','',0,1),(102,'2012-10-17 14:52:10',0,1,'Menstruação, a sangria inútil','.','','','','',0,1),(103,'2012-10-17 14:52:10',0,1,'Mente de campeão','.','','','','',0,1),(105,'2012-10-17 14:52:10',0,1,'Mestres do tempo','.','','','','',0,1),(106,'2012-10-17 14:52:10',0,1,'Metanóia','.','','','','',0,1),(107,'2012-10-17 14:52:10',0,1,'Meu professor inesquecível','.','','','','',0,1),(108,'2012-10-17 14:52:10',0,1,'Mistérios do coração','.','','','','',0,1),(109,'2012-10-17 14:52:10',0,1,'Muito além da hierarquia','.','','','','',0,1),(110,'2012-10-17 14:52:10',0,1,'Muito além do comprometimento','.','','','','',0,1),(111,'2012-10-17 14:52:10',0,1,'Mulher sem culpa','.','','','','',0,1),(112,'2012-10-17 14:52:10',0,1,'Mulheres ambiciosas ganham mais','.','','','','',0,1),(113,'2012-10-17 14:52:10',0,1,'Mulheres boazinhas não enriquecem','.','','','','',0,1),(114,'2012-10-17 14:52:10',0,1,'Mulheres certas que amam homens errados','.','','','','',0,1),(115,'2012-10-17 14:52:10',0,1,'Mulheres de aço e de flores','.','','','','',0,1),(116,'2012-10-17 14:52:10',0,1,'Mulheres de sucesso querem poder... amar','.','','','','',0,1),(117,'2012-10-17 14:52:10',0,1,'Mulheres falam isso; homens entendem aquilo','.','','','','',0,1),(118,'2012-10-17 14:52:10',0,1,'Mulheres ousadas chegam mais longe','.','','','','',0,1),(119,'2012-10-17 14:52:10',0,1,'Mulheres que fazem demais','.','','','','',0,1),(120,'2012-10-17 14:52:10',0,1,'Negociação total','.','','','','',0,1),(121,'2012-10-17 14:52:10',0,1,'Negociações brilhantes','.','','','','',0,1),(122,'2012-10-17 14:52:10',0,1,'Negociando com o diabo','.','','','','',0,1),(123,'2012-10-17 14:52:10',0,1,'Networking','.','','','','',0,1),(124,'2012-10-17 14:52:10',0,1,'O beijo na realidade','.','','','','',0,1),(125,'2012-10-17 14:52:10',0,1,'O Brasil em transformação','.','','','','',0,1),(126,'2012-10-17 14:52:10',0,1,'O código da superação','.','','','','',0,1),(128,'2012-10-17 14:52:10',0,1,'O corpo fala nos negócios','.','','','','',0,1),(129,'2012-10-17 14:52:10',0,1,'O desafio da colaboração','.','','','','',0,1),(134,'2012-10-17 14:52:10',0,1,'O guia do viajante inteligente','.','','','','',0,1),(135,'2012-10-17 14:52:10',0,1,'O inconsciente na sua vida profissional','.','','','','',0,1),(136,'2012-10-17 14:52:10',0,1,'O mapa do amor','.','','','','',0,1),(137,'2012-10-17 14:52:10',0,1,'O poder da atitude','.','','','','',0,1),(138,'2012-10-17 14:52:10',0,1,'O poder da solução','.','','','','',0,1),(139,'2012-10-17 14:52:10',0,1,'O poder das redes sociais','.','','','','',0,1),(140,'2012-10-17 14:52:10',0,1,'O poder do perdão','.','','','','',0,1),(142,'2012-10-17 14:52:10',0,1,'O prazer e o pensar, vol-1','.','','','','',0,1),(143,'2012-10-17 14:52:10',0,1,'O prazer e o pensar, vol-2','.','','','','',0,1),(144,'2012-10-17 14:52:10',0,1,'O professor não duvida, duvida?','.','','','','',0,1),(145,'2012-10-17 14:52:10',0,1,'O que os homens realmente querem na cama','.','','','','',0,1),(146,'2012-10-17 14:52:10',0,1,'O segredos das mulheres felizes no casamento','.','','','','',0,1),(147,'2012-10-17 14:52:10',0,1,'O sucesso é ser feliz',',','','','','',0,1),(148,'2012-10-17 14:52:10',0,1,'O terapeuta de bolso','.','','','','',0,0),(149,'2012-10-17 14:52:10',0,1,'O vôo do cisne','.','','','','',0,1),(150,'2012-10-17 14:52:10',0,1,'Organize-se','.','','','','',0,1),(151,'2012-10-17 14:52:10',0,1,'Organize-se num minuto','.','','','','',0,1),(152,'2012-10-17 14:52:10',0,1,'Os 10 hábitos da memorização','.','','','','',0,1),(154,'2012-10-17 14:52:10',0,1,'Os 50 maiores mitos populares da psicologia','.','','','','',0,1),(155,'2012-10-17 14:52:10',0,1,'Os donos do futuro','.','','','','',0,1),(157,'2012-10-17 14:52:10',0,1,'Os segredos dos campeões','.','','','','',0,1),(158,'2012-10-17 14:52:10',0,1,'Pai, você é o cara!','.','','','','',1,1),(159,'2012-10-17 14:52:10',0,1,'Pais e filhos, companheiros de viagem','.','','','','',1,1),(160,'2012-10-17 14:52:10',0,1,'Pais e professores educando com valores','.','','','','',0,1),(162,'2012-10-17 14:52:10',0,1,'Pais separados, filhos preparados','.','','','','',0,1),(163,'2012-10-17 14:52:10',0,1,'Para viver um grande amor','.','','','','',0,1),(166,'2012-10-17 14:52:10',0,1,'Pessoas de resultado','.','','','','',0,1),(167,'2012-10-17 14:52:10',0,1,'Por que você mente e eu acredito?','.','','','','',0,1),(168,'2012-10-17 14:52:10',0,1,'Problemas? Oba!','.','','','','',1,1),(169,'2012-10-17 14:52:10',0,1,'Rafael Nadal ','.','','','','',0,1),(170,'2012-10-17 14:52:10',0,1,'Redação empresarial sem mistérios','.','','','','',0,1),(171,'2012-10-17 14:52:10',0,1,'Redes sociais','.','','','','',0,1),(172,'2012-10-17 14:52:10',0,1,'Resiliência','.','','','','',0,1),(173,'2012-10-17 14:52:10',0,1,'Revolução dos campeões','.','','','','',0,1),(174,'2012-10-17 14:52:10',0,1,'Sem medo de vencer','.','','','','',0,1),(175,'2012-10-17 14:52:10',0,1,'Separe uma verba para ser feliz','.','','','','',0,1),(177,'2012-10-17 14:52:10',0,1,'Será que ele mente para você?','.','','','','',0,1),(178,'2012-10-17 14:52:10',0,1,'Seu cérebro nunca envelhece','.','','','','',0,1),(180,'2012-10-17 14:52:10',0,1,'Sobrevivendo na selva da internet','.','','','','',0,1),(181,'2012-10-17 14:52:10',0,1,'Somos todos responsáveis','.','','','','',0,1),(182,'2012-10-17 14:52:10',0,1,'Sua ideia vale um negócio?','Sua, ideia, vale, um, negócio','','','','',0,1),(183,'2012-10-17 14:52:10',0,1,'Sucesso é... superar encrencas!','.','','','','',0,1),(184,'2012-10-17 14:52:10',0,1,'Supere ','.','','','','',0,1),(185,'2012-10-17 14:52:10',0,1,'Sustentabilidade XXI','.','','','','',0,1),(186,'2012-10-17 14:52:10',0,1,'Todo dia é dia de ser feliz','.','','','','',0,1),(187,'2012-10-17 14:52:10',0,1,'Trabalhar por conta própria','.','','','','',0,1),(188,'2012-10-17 14:52:10',0,1,'Trabalhe menos, faça mais','.','','','','',0,1),(189,'2012-10-17 14:52:10',0,1,'Transformando erros em lucro','.','','','','',0,1),(190,'2012-10-17 14:52:10',0,1,'Transforme seu emprego no melhor trabalho do mundo','.','','','','',0,1),(191,'2012-10-17 14:52:10',0,1,'Transforme seus sonhos em vida','.','','','','<p class=\"ecxMsoNormal\"><span style=\"font-family: \'Arial\',\'sans-serif\'; font-size: 10pt;\">Voc&ecirc; j&aacute; sentiu alguma vez a sensa&ccedil;&atilde;o de <span style=\"color: #1f497d;\">&ldquo;</span>quase<span style=\"color: #1f497d;\">&rdquo;</span>? Quase conseguiu um emprego, quase fechou um negocio, quase terminou os estudos, quase conseguiu emagrecer, quase o relacionamento deu certo, quase obteve uma promo&ccedil;&atilde;o...</span></p>\r\n<p class=\"ecxMsoNormal\"><span style=\"font-family: \'Arial\',\'sans-serif\'; font-size: 10pt;\">O que ser&aacute; que faz as coisas n&atilde;o darem certo em nossa vida? Todas essas dificuldades, aliadas a um dia a dia sempre conturbado, fazem com que acabemos abandonando nossos sonhos e projetos e at&eacute; nos esquecendo deles.</span></p>\r\n<p class=\"ecxMsoNormal\"><span style=\"font-family: \'Arial\',\'sans-serif\'; font-size: 10pt;\">Por&eacute;m, &eacute; poss&iacute;vel construir uma vida diferente e concretizar tudo o que desejamos. Para isso, voc&ecirc; precisa deixar de lado os h&aacute;bitos, as desculpas e as falsas bases que o distanciam de seus sonhos e expandir seu poder pessoal para faze-los acontecer, conseguindo:</span></p>\r\n<p class=\"ecxMsoNormal\"><span style=\"font-family: \'Arial\',\'sans-serif\'; font-size: 10pt;\">&nbsp;</span></p>\r\n<p class=\"ecxMsoNormal\"><span style=\"font-family: \'Arial\',\'sans-serif\'; font-size: 10pt;\">&bull;&nbsp;&nbsp;Ouvir sua voz interior</span></p>\r\n<p class=\"ecxMsoNormal\"><span style=\"font-family: \'Arial\',\'sans-serif\'; font-size: 10pt;\">&bull;&nbsp; Reconhecer seus sonhos e objetivos</span></p>\r\n<p class=\"ecxMsoNormal\"><span style=\"font-family: \'Arial\',\'sans-serif\'; font-size: 10pt;\">&bull;&nbsp; Ter foco, aten&ccedil;&atilde;o e concentra&ccedil;&atilde;o para realiza-los</span></p>\r\n<p class=\"ecxMsoNormal\"><span style=\"font-family: \'Arial\',\'sans-serif\'; font-size: 10pt;\">&bull;&nbsp; Exercitar sua mente para concentrar-se no que voc&ecirc; quer</span></p>\r\n<p class=\"ecxMsoNormal\"><span style=\"font-family: \'Arial\',\'sans-serif\'; font-size: 10pt;\">&bull;&nbsp; Transformar sua vis&atilde;o em a&ccedil;&atilde;o</span></p>\r\n<p class=\"ecxMsoNormal\"><span style=\"font-family: \'Arial\',\'sans-serif\'; font-size: 10pt;\">&bull;&nbsp; Comprometer-se com a mudan&ccedil;a</span></p>\r\n<p class=\"ecxMsoNormal\"><span style=\"font-family: \'Arial\',\'sans-serif\'; font-size: 10pt;\">&bull;&nbsp; Redecidir<span style=\"color: #1f497d;\">&nbsp;&nbsp;&nbsp;&nbsp;&nbsp; </span></span></p>',1,1),(192,'2012-10-17 14:52:10',0,1,'Tudo ou nada','.','','','','',0,1),(193,'2012-10-17 14:52:10',0,1,'Um outro olhar ','.','','','','',0,1),(194,'2012-10-17 14:52:10',0,1,'Uma coisa de cada vez','.','','','','',0,1),(195,'2012-10-17 14:52:10',0,1,'Usina de valor','.','','','','',0,1),(198,'2012-10-17 14:52:10',0,1,'Valores humanos no trabalho','.','','','','',0,1),(199,'2012-10-17 14:52:10',0,1,'Vença o medo de dirigir','.','','','','',0,1),(200,'2012-10-17 14:52:10',0,1,'Vencer é ser você','.','','','','',0,1),(201,'2012-10-17 14:52:10',0,1,'Venda muito mais','.','','','','',0,1),(202,'2012-10-17 14:52:10',0,1,'Venda seu peixe','.','','','','',0,1),(203,'2012-10-17 14:52:10',0,1,'Vendedoras boazinhas enriquecem','.','','','','',0,1),(204,'2012-10-17 14:52:10',0,1,'Viva a infância','.','','','','',0,1),(205,'2012-10-17 14:52:10',0,1,'Viva como você quer viver','.','','','','<p><span style=\"font-family: \'Arial\',\'sans-serif\'; color: black; font-size: 10pt;\">Se nada nem ningu&eacute;m me impedisse, que realidade eu gostaria de estar vivendo hoje?</span></p>\r\n<p style=\"word-spacing: 0px;\"><span style=\"font-family: \'Arial\',\'sans-serif\'; color: black; font-size: 10pt;\">Estou vivendo onde eu gostaria de viver?</span></p>\r\n<p style=\"word-spacing: 0px;\"><span style=\"font-family: \'Arial\',\'sans-serif\'; color: black; font-size: 10pt;\">Estou vivendo como eu gostaria de Viver?</span></p>\r\n<p style=\"word-spacing: 0px;\"><span style=\"font-family: \'Arial\',\'sans-serif\'; color: black; font-size: 10pt;\">Estou fazendo o que eu gostaria de fazer?</span></p>\r\n<p style=\"word-spacing: 0px;\"><span style=\"font-family: \'Arial\',\'sans-serif\'; color: black; font-size: 10pt;\">&nbsp;</span></p>\r\n<p style=\"word-spacing: 0px;\"><span style=\"font-family: \'Arial\',\'sans-serif\'; color: black; font-size: 10pt;\">Com essas perguntas&nbsp;Eduardo Shinyashiki nos convida a refletir sobre nossa exist&ecirc;ncia, levando-nos a questionar se vivemos de acordo com nossos sonhos e aspira&ccedil;&otilde;es ou os deixamos para tr&aacute;s.</span></p>\r\n<p style=\"word-spacing: 0px;\"><span style=\"font-family: \'Arial\',\'sans-serif\'; color: black; font-size: 10pt;\">Esse livro mostra que cada um de n&oacute;s &eacute; respons&aacute;vel pela cria&ccedil;&atilde;o do sucesso e do fracasso, da alegria e da tristeza, da harmonia e do conflito em&nbsp;sua vida. Com nossas escolhas, determinamos que realidade queremos vivenciar.</span></p>\r\n<p style=\"word-spacing: 0px;\"><span style=\"font-family: \'Arial\',\'sans-serif\'; color: black; font-size: 10pt;\">Falando de desejos e realiza&ccedil;&otilde;es, de critica e perd&atilde;o, de medo e coragem, o autor nos guia por um caminho nem sempre f&aacute;cil, mas compensador, que nos levar&aacute; a ser os criadores dos resultados que desejamos para n&oacute;s mesmos.&nbsp;</span></p>\r\n<p style=\"word-spacing: 0px;\"><span style=\"font-family: \'Arial\',\'sans-serif\'; color: black; font-size: 10pt;\">E voc&ecirc;? Vive como quer viver?</span></p>',0,1),(207,'2012-10-17 14:52:10',0,1,'Vivendo e aprendendo','.','','','','',0,1),(208,'2012-10-17 14:52:10',0,1,'Você é o que você compartilha','.','','','','',1,1),(210,'2012-10-17 14:52:10',0,1,'Você: a alma do negocio','.','','','','',0,1),(211,'2012-10-18 15:12:49',0,1,'Produto com variação','tags','','','','<p>descri&ccedil;&atilde;o</p>',0,0),(212,'2012-10-18 15:35:32',0,1,'Produto sem variação','tags','','','','<p>desc</p>',0,0),(213,'2013-02-07 08:27:48',0,1,'A dimensão humana da governança corporativa','Governança, Liderança, Organização','','','','<p style=\"text-align: justify;\">Governan&ccedil;a corporativa &eacute; algo que todos os envolvidos com qualquer tipo  de organiza&ccedil;&atilde;o - empresarial ou n&atilde;o - veem, mas nem sempre percebem.  Trata-se de tornar a gest&atilde;o das organiza&ccedil;&otilde;es mais aceit&aacute;vel para um  n&uacute;mero maior de pessoas. Este livro vale para empresas pequenas, m&eacute;dias  ou gigantescas, pois apresenta propostas concretas para a gest&atilde;o da  dimens&atilde;o humana na c&uacute;pula das organiza&ccedil;&otilde;es.</p>',0,1),(214,'2013-02-07 18:30:05',0,1,'A Carícia Essencial','Afeto, análise transacional, relações interpessoais','','','','<p>Este livro lhe ensina a ajudar de verdade as pessoas que ama!</p>\n<p>Para Roberto Shinyashiki, o segredo de qualquer bom relacionamento, seja familiar, social, profissional ou mesmo conjugal, &eacute; ajudar as pessoas a se sentirem importantes. Para ter a deliciosa sensa&ccedil;&atilde;o de amar e ser amado, as pessoas precisam perceber que s&atilde;o consideradas e reconhecidas. Sentir-se amado significa sentir-se realmente importante para algu&eacute;m, e esse reconhecimento &eacute; o que o autor chama neste livro de Car&iacute;cia.</p>\n<p>Por meio desta leitura, voc&ecirc; vai saber como:</p>\n<ul>\n<li>Acabar com as dificuldades enquanto elas s&atilde;o pequenas;</li>\n<li>Resolver problemas afetivos;</li>\n<li>Diagnosticar o que as pessoas amadas necessitam de verdade;</li>\n<li>Alimentar seu cora&ccedil;&atilde;o para poder dar o amor de que as pessoas precisam;</li>\n<li>Aumentar o amor nos relacionamentos familiares e profissionais;</li>\n<li>Ter mais sucesso com as pessoas importantes da sua vida.</li>\n</ul>',0,1),(215,'2013-02-07 19:21:25',0,1,'Todo dia é dia de ter fé na vida','Autorealização, Conduta de vida, Metas, Motivação','','','','<p style=\"text-align: justify;\">O livro se prop&otilde;e a levar ao leitor uma vis&atilde;o de felicidade e prazer com a vida de uma forma mais ampla, baseada na f&eacute;, independentemente de religi&atilde;o.</p>\n<p style=\"text-align: justify;\">O autor ajuda o leitor a pensar sobre como ele lida com a f&eacute; e como isso influi na sua vida. E convida o leitor a pensar de tal maneira a perceber que n&atilde;o importa como anda sua vida, ela sempre pode ficar melhor, se ele tiver um pouco de f&eacute;.</p>\n<p style=\"text-align: justify;\">Este livro ajuda as pessoas que vivem angustiadas a viverem mais felizes e tranquilas, por meio da apresenta&ccedil;&atilde;o de ideias simples e praticas que lhes chame a aten&ccedil;&atilde;o sobre os benef&iacute;cios de ter f&eacute; e faz parte de uma cole&ccedil;&atilde;o de livros de bolso chamada &ldquo;Todo dia &eacute;  dia&rdquo;, que j&aacute; tem publicado o t&iacute;tulo &ldquo;Todo dia &eacute; dia de ser feliz&rdquo;, pela  Editora Gente.</p>',0,1),(216,'2013-02-07 19:32:08',0,1,'Os segredos das apresentações poderosas','Carreira profissional, Desenvolvimento, Comunicação, Fala em público, Marketing, Negócios, Palestrantes, Sucesso Profissional, Vendas','','','','<p style=\"text-align: justify;\">Todos os dias, pessoas dentro e fora das empresas precisam fazer apresenta&ccedil;&otilde;es, seja para sua equipe, para um cliente, para vender, para fechar um neg&oacute;cio, para convencer sobre um ponto de vista, para passar informa&ccedil;&otilde;es fundamentais, para motivar e encantar plateias. Uma apresenta&ccedil;&atilde;o pode ser um grande problema, mostrando fraquezas de um profissional que n&atilde;o consegue se expor bem, ou uma grande oportunidade de se valorizar e dar um salto na carreira e de vender qualquer coisa para qualquer pessoa ou plateia.</p>\n<p style=\"text-align: justify;\">Este livro ajuda profissionais em geral que precisam fazer apresenta&ccedil;&otilde;es sensacionais (para clientes, equipes, eventos, etc) a encantar e conquistar plateias com os segredos e a experi&ecirc;ncia do maior palestrante do Brasil, Roberto Shinyashiki.</p>',1,1),(217,'2013-02-07 20:06:27',0,1,'Manual da casa','Habitações, Manutenção, Reparos, Manuais, Guias, Casa','','','','<p style=\"text-align: justify;\">Este livro ajuda pessoas que sofrem com os problemas que envolvem ter um patrim&ocirc;nio como uma casa, desde sua aquisi&ccedil;&atilde;o &agrave; sua preserva&ccedil;&atilde;o e acabamento, por meio de dicas muito pr&aacute;ticas e de uma abordagem muito criativa que mostra que &eacute; poss&iacute;vel ter e manter a casa dos sonhos.</p>\n<p style=\"text-align: justify;\">Ele inclui uma vis&atilde;o geral de como uma casa funciona e tamb&eacute;m muitas instru&ccedil;&otilde;es passo a passo de reparos &ndash; ou caso os moradores decidam fazer uma reforma. Tamb&eacute;m apresenta muitas dicas pr&aacute;ticas para escolher um novo im&oacute;vel e se mudar para ele. Como outros manuais de propriet&aacute;rios, este livro foi formatado para consultas r&aacute;pidas e frequentes, tais como:</p>\n<ul style=\"text-align: justify;\">\n<li><strong>INSTALA&Ccedil;&Atilde;O</strong> explica a sele&ccedil;&atilde;o escolha de um im&oacute;vel e o processo de instala&ccedil;&atilde;o dos moradores no local.</li>\n</ul>\n<ul style=\"text-align: justify;\">\n<li><strong>PARTES E SERVI&Ccedil;OS</strong> explica como funcionam e interagem os sistemas residenciais para oferecer conforto e conveni&ecirc;ncia aos moradores.</li>\n</ul>\n<ul style=\"text-align: justify;\">\n<li><strong>MANUTEN&Ccedil;&Atilde;O INTERNA</strong> oferece instru&ccedil;&otilde;es espec&iacute;ficas para alguns projetos mais comuns de manuten&ccedil;&atilde;o dentro da casa, incluindo limpeza dos encanamentos, manuten&ccedil;&atilde;o de sistema el&eacute;trico e de aquecimento, pintura e muito mais.</li>\n</ul>\n<ul style=\"text-align: justify;\">\n<li><strong>MANUTEN&Ccedil;&Atilde;O EXTERNA</strong> inclui instru&ccedil;&otilde;es passo a passo de 19 dos projetos mais comuns realizados na parte externa do im&oacute;vel, entre eles:, telhado, paredes, portas e janelas, deques, quintais, cal&ccedil;adas, jardins e dep&oacute;sitos.</li>\n</ul>\n<ul style=\"text-align: justify;\">\n<li><strong>CONSERTOS REPAROS DE EMERG&Ecirc;NCIA</strong> &eacute; uma refer&ecirc;ncia f&aacute;cil e r&aacute;pida para lidar com as 16&nbsp; emerg&ecirc;ncias mais comuns em encanamentos, parte el&eacute;trica, aquecimento e sistema estrutural.</li>\n</ul>\n<ul style=\"text-align: justify;\">\n<li><strong>OP&Ccedil;&Otilde;ES</strong> sugere melhorias simples para tornar o im&oacute;vel mais habit&aacute;vel e oferece instru&ccedil;&otilde;es espec&iacute;ficas para realiz&aacute;-las.</li>\n</ul>\n<ul style=\"text-align: justify;\">\n<li style=\"text-align: justify;\"><strong>REFORMAS</strong> aborda in&uacute;meras melhorias que os moradores podem implementar (ou contratar quem o fa&ccedil;a) para aprimorar a funcionalidade e o valor do im&oacute;vel.</li>\n</ul>',0,1),(218,'2013-02-07 20:31:23',0,1,'Meu presente mais valioso','Felicidade, Amor, Citação','','','','<p style=\"text-align: justify;\">Este &eacute; um gift book que pode ser dado de presente a pessoas que consideramos especiais em nossa vida, como amigos, c&ocirc;njuges, companheiros, filhos, pais, etc.</p>\n<p style=\"text-align: justify;\">Sua mensagem &eacute; que, na vida, a maior raz&atilde;o que temos para fazer tudo o que fazemos em nosso dia a dia, principalmente nossa luta profissional para ser bem-sucedido e ter prosperidade, &eacute; ter algu&eacute;m especial ao lado, que faz tudo valer a pena.</p>',0,1),(219,'2013-02-07 20:51:12',0,1,'Gaste com estilo e inteligência','Administração financeira, Estilo de vida, Finanças Pessoais, Gastos, Mulheres','','','','<p style=\"text-align: justify;\">O dinheiro afeta todos os aspectos de nossas vidas. Ele afeta a forma como nos vestimos, onde moramos, o que comemos e como n&oacute;s utilizamos nosso tempo livre. Ele afeta nossas emo&ccedil;&otilde;es e aumenta ou diminui a nossa alegria de viver. Gest&atilde;o eficaz do dinheiro &eacute; sobre muito mais do que apenas contribui&ccedil;&otilde;es e poupar dinheiro no supermercado.</p>\n<p style=\"text-align: justify;\">N&atilde;o importa o quanto ou qu&atilde;o pouco dinheiro voc&ecirc; ganhe, a chave para o sucesso financeiro &eacute; gastar menos do que se recebe. No entanto, muitas mulheres gastam inconscientemente, desperdi&ccedil;ando dinheiro em compras que lhes d&atilde;o pouca satisfa&ccedil;&atilde;o. Gaste com estilo e intelig&ecirc;ncia ensina como criar h&aacute;bitos e rotinas que permitem construir e gerenciar suas finan&ccedil;as sem esfor&ccedil;o. Ao aprender a concentrar os gastos naquilo que &eacute; verdadeiramente importante para voc&ecirc; e economizar em coisas que s&atilde;o sup&eacute;rfluas, voc&ecirc; pode conseguir administrar suas finan&ccedil;as pessoais e aproveitar a vida, independentemente do seu n&iacute;vel de renda.</p>',0,1),(220,'2013-02-07 21:02:50',0,1,'Desperte o milionário que há em você','Atitude, Autorealização, Conduta de vida, Empresas, Felicidade, Finanças pessoais, Negócios, Prosperidade, Riqueza','','','','<p style=\"text-align: justify;\">Todas as pessoas que se tornaram milion&aacute;rias tem uma hist&oacute;ria de supera&ccedil;&atilde;o para contar. E para despertar o milion&aacute;rio que h&aacute; em voc&ecirc; n&atilde;o ser&aacute; diferente. Foi inspirado na supera&ccedil;&atilde;o contida no cl&aacute;ssico americano O M&aacute;gico de Oz [The Wizard of Oz]. O caminho do sucesso est&aacute; cheio de pedras, obst&aacute;culos e desafios. H&aacute; muitos desapontamentos, as coisas nunca d&atilde;o certo na primeira vez e as pessoas nem sempre v&atilde;o agir como voc&ecirc; espera.</p>\n<p style=\"text-align: justify;\">Desperte o Milion&aacute;rio que h&aacute; em Voc&ecirc; temo objetivo de ajud&aacute;-lo a construir sua pr&oacute;pria hist&oacute;ria de supera&ccedil;&atilde;o, de transforma&ccedil;&atilde;o pessoal e de ascens&atilde;o financeira. Afinal, todo mundo quer ter sucesso. Poucos t&ecirc;m uma f&oacute;rmula de sucesso para seguir. Agora voc&ecirc; tem em m&atilde;os os segredos, princ&iacute;pios e conceitos para sair do anonimato at&eacute; chegar a uma vida repleta de realiza&ccedil;&otilde;es em todos os aspectos.</p>\n<p style=\"text-align: justify;\">Este livro ajuda pessoas que querem vencer na vida e enriquecer a fazer as mudan&ccedil;as necess&aacute;rias na sua postura mental e nas suas atitudes para que comecem a prosperar at&eacute; ficar milion&aacute;rias, usando as sete chaves de ouro da prosperidade, m&eacute;todo usado com sucesso pelo autor em sua vida e na de dezenas de pessoas por ele orientadas.</p>',1,1),(221,'2013-02-07 21:15:03',0,1,'Acima de tudo o amor','Gestão empresarial, Hospital de Câncer de Barretos','','','','<p>Este livro mostra a trajet&oacute;ria de 50 anos do Hospital de C&acirc;ncer de Barretos (HCB), fundado por Dr. Paulo Prata, e gerido depois por seu filho, Henrique Prata, que o transformou em um dos maiores polos de pesquisa e cura de c&acirc;ncer do mundo.</p>\n<p>Com doa&ccedil;&otilde;es de artistas, celebridades, cantores, empres&aacute;rios, fazendeiros e pessoas p&uacute;blicas, ele consegue complementar a verba p&uacute;blica e manter o hospital funcionando, mas n&atilde;o s&oacute;. Ele criou um centro de excel&ecirc;ncia diferenciado, com atendimento humanizado para o doente e sua fam&iacute;lia, fazendo um atendimento 100% gratuito para a popula&ccedil;&atilde;o.</p>\n<p>Dezenas de fatos curiosos, casos, coincid&ecirc;ncias e hist&oacute;rias surpreendentes de f&eacute; e solidariedade, que envolvem pessoas conhecidas na m&iacute;dia, transformam este livro em uma hist&oacute;ria interessante, que prende o leitor e o sensibiliza para a relev&acirc;ncia do HCB no Brasil.</p>\n<p>Este livro ajuda a manter as portas do Hospital de C&acirc;ncer de Barretos abertas, fazendo com que as pessoas possam conhecer e at&eacute; colaborar com a obra comprando o livro e divulgando esse bonito trabalho.</p>\n<p><span style=\"text-decoration: underline;\">A renda proveniente da venda deste livro ser&aacute; 100% revertida para o Hospital de C&acirc;ncer de Barretos.</span></p>',1,1),(222,'2013-02-07 21:30:06',0,1,'Sempre em frente','Atitude, Autoajuda, Carreira profissional, Desenvolvimento, Jovens, Conduta de vida, Realização pessoal, Sucesso','','','','<p style=\"text-align: justify;\">Neste livro o m&eacute;dico psiquiatra Roberto Shinyashiki se coloca ao lado dos jovens e, com sua tradicional sabedoria, aponta caminhos e inspira realiza&ccedil;&otilde;es. Ele os convidar&aacute; a perceber que s&atilde;o capazes de enfrentar o medo do futuro, de superar seus desafios e de realizar seus sonhos.</p>\n<p style=\"text-align: justify;\">Essa conversa &eacute; dedicada a voc&ecirc; que quer mais da vida, encara os desafios e segue sempre em frente.</p>',0,1),(223,'2013-02-26 15:15:22',0,1,'As Leis do Amor','Amor, Felicidade, Compromisso, Relacionamentos, Qualidade do relacionamento, Relações interpessoais','','','','<p>&Oacute;timos relacionamentos n&atilde;o acontecem por acaso. Ter o relacionamento dos seus sonhos n&atilde;o depende da sorte - n&atilde;o &eacute; como jogar os dados e acertar o n&uacute;mero do amor. &Eacute; preciso saber quais s&atilde;o os passos certos que podem levar voc&ecirc; a criar um relacionamento gratificante e duradouro com seu parceiro.</p>\n<p>Nesse livro pr&aacute;tico e inteligente, o autor mostra exatamente como criar o relacionamento que voc&ecirc; tanto deseja, aplicando as poderosas Leis do Amor - 14 princ&iacute;pios testados ao longo de milhares de anos, que s&atilde;o capazes de fazer transbordar de felicidade a vida de quem aprende a segui-los.</p>\n<p>Prentiss combina a arte de contar hist&oacute;rias estimulantes e verdades fortalecedoras para ajudar voc&ecirc; a agir e dar os passos certos na dire&ccedil;&atilde;o de um relacionamento amoroso feliz e duradouro. Voc&ecirc; aprender&aacute; a desenvolver aspectos importantes como: proporcionar um Espa&ccedil;o Seguro ao outro; perceber quem se sente atra&iacute;do por voc&ecirc; e por qu&ecirc;; entender o prop&oacute;sito subjacente ao seu relacionamento; usar o poder de suas convic&ccedil;&otilde;es; curar padr&otilde;es doentios do passado que ainda afetam voc&ecirc; e seu parceiro hoje em dia e, al&eacute;m disso, como salvar uma rela&ccedil;&atilde;o problem&aacute;tica ou tomar a decis&atilde;o de seguir em frente em busca da sua felicidade.</p>\n<p>Mesmo nesses tempos desafiadores que todos n&oacute;s enfrentamos, As Leis do Amor &eacute; um livro que lhe dar&aacute; ferramentas para manter um relacionamento recompensador - aquele que faz voc&ecirc; experimentar grandes alegrias ajuda a realizar as melhores conquistas e, ainda mais importante, oferece reciprocidade no amor.</p>\n<p>&nbsp;</p>',0,1),(224,'2013-02-26 15:41:19',0,1,'O Instinto do Sucesso','Carreira, Desenvolvimento, Instinto, Sucesso, Negócios','','','','<p>Voc&ecirc; j&aacute; se arrependeu de ter tomado uma decis&atilde;o por ter agido por puro impulso? Ou, ao contr&aacute;rio, j&aacute; se arrependeu de n&atilde;o ter agido de acordo com sua intui&ccedil;&atilde;o, o que os norte-americanos chamam de &ldquo;gut feeling&rdquo;? Apesar de termos evolu&iacute;do exponencialmente em muitas &aacute;reas desde os tempos das cavernas, ainda somos regidos pelos mesmos instintos primitivos que regiam nossos ancestrais que habitavam as cavernas e isso se reflete de maneira contundente no ambiente corporativo.</p>\n<p>Entender como esses instintos nos influenciam e como podemos us&aacute;-los a nosso favor &eacute; uma  habilidade fundamental para se obter sucesso no mundo dos neg&oacute;cios.</p>\n<p>O novo livro de Renato Grinberg apresenta os principais instintos que nos influenciam no mundo corporativo e como us&aacute;-los a nosso favor. A consci&ecirc;ncia desses instintos lhe proporcionar&aacute; agir de maneira mais apropriada de acordo com cada situa&ccedil;&atilde;o, ora deixando o instinto fluir, ora buscando ser frio e racional o suficiente para dominar um instinto que em determinadas situa&ccedil;&otilde;es corporativas pode lhe prejudicar consideravelmente.</p>\n<p>&nbsp;</p>',1,1),(225,'2013-02-26 16:04:24',0,1,'Pessoas extraordinárias e suas incríveis histórias','Storytelling, Histórias narradas, Narrativas, Ceos, Biografias, Sucesso','','','','<p>O ser humano &eacute; &aacute;vido por boas hist&oacute;rias. Todos j&aacute; contaram muitas hist&oacute;rias na vida e com certeza ouviram muitas tamb&eacute;m, que marcaram tanto que nunca mais esquecemos os fatos que as geraram. Livrarias abarrotadas, ind&uacute;stria cinematogr&aacute;fica faturando alto, novelas e s&eacute;ries dando alt&iacute;ssima audi&ecirc;ncia s&atilde;o provas de como somos fascinados e interessados por uma hist&oacute;ria bem contada.</p>\n<p>Contar hist&oacute;rias sobre pessoas &eacute; a melhor maneira de entender a alma, os pensamentos e as a&ccedil;&otilde;es dessas pessoas. No mundo corporativo, existe um especial interesse pela figura do CEO, o presidente das grandes corpora&ccedil;&otilde;es. Ele exerce fasc&iacute;nio, admira&ccedil;&atilde;o e curiosidade em muitas pessoas, que buscam entender como &eacute; deter grande poder e responsabilidade ao mesmo tempo.</p>\n<p>A partir da grande experi&ecirc;ncia dos autores com CEOs e com storytelling, este livro traz hist&oacute;rias de 30 dirigentes de grandes empresas de express&atilde;o no Brasil, mostrando um pouco das dores e vit&oacute;rias do ser humano por tr&aacute;s do cargo. Sua vida sem d&uacute;vida &eacute; exemplo e espelho para todos os profissionais que miram o sucesso.</p>\n<p>Como conte&uacute;do extra, o livro traz uma ferramenta para que o leitor narre sua pr&oacute;pria hist&oacute;ria e use-a para seu aprimoramento pessoal.</p>\n<p>&nbsp;</p>',0,1),(226,'2013-02-26 17:20:02',0,1,'Você melhor a cada dia','Autorrealização, Conduta de Vida, Saúde, Dicas, Bem estar, Finanças Pessoais','','','','<p>Existem &aacute;reas da nossa vida com as quais s&oacute; nos preocupamos quando h&aacute; problemas: sa&uacute;de, finan&ccedil;as, relacionamentos, apar&ecirc;ncia, etc. Por&eacute;m, nesse ponto j&aacute; &eacute; tarde demais, pois os problemas se avolumam e &eacute; complicado resolver uma quest&atilde;o que &eacute; grande e complexa, como d&iacute;vidas, doen&ccedil;as, problemas afetivos, obesidade, etc.</p>\n<p>Em vez de esperar os problemas se avolumarem, cuide das solu&ccedil;&otilde;es um pouco por dia. Fazendo um pouco a cada dia, voc&ecirc; previne grandes problemas e ganha enorme qualidade de vida.</p>\n<p>Este livro ajuda as pessoas que querem ter uma vida melhor a ter pequenas atitudes todos os dias que far&atilde;o uma grande mudan&ccedil;a no seu dia a dia e em sua qualidade de vida.</p>',0,1),(227,'2013-03-18 14:35:48',0,1,'O Ciclo do Sucesso','Sucesso, meta, medo, autoconfiança, realização','','','','<p style=\"text-align: justify;\">O seu n&iacute;vel de autoconfian&ccedil;a determina o tamanho das metas que voc&ecirc; estabelece, a energia e a<br />determina&ccedil;&atilde;o que ser&atilde;o despendidas para atingi-las, e quanta persist&ecirc;ncia ser&aacute; aplicada para superar<br />os obst&aacute;culos. Neste livro poderoso e pr&aacute;tico, baseado no trabalho do autor com mais de 5 milh&otilde;es de<br />executivos, empreendedores, profissionais de vendas e pessoas ambiciosas em mais de sessenta<br />pa&iacute;ses, voc&ecirc; aprender&aacute; como desenvolver uma autoconfian&ccedil;a imperturb&aacute;vel em todas as &aacute;reas da<br />vida.</p>\n<p style=\"text-align: justify;\"><br />O ciclo do sucesso explica como aumentar o seu &ldquo;condicionamento mental\" pensando como os<br />profissionais de ponta em cada ramo de neg&oacute;cios. Aos poucos, voc&ecirc; vai construir e administrar n&iacute;veis<br />crescentes de autoconfian&ccedil;a em tudo que fizer. Essa autoconfian&ccedil;a permitir&aacute; que saia da zona de<br />conforto e assuma riscos mesmo n&atilde;o tendo garantias. Com orienta&ccedil;&atilde;o passo a passo, Brian Tracy<br />ajuda o leitor a construir uma autoconfian&ccedil;a vital&iacute;cia. Descubra como determinar o que voc&ecirc;<br />realmente quer e libere seus poderes pessoais para conquistar essas metas!</p>\n<p style=\"text-align: justify;\">Voc&ecirc; aprender&aacute; como:<br />&bull; Esclarecer seus valores e viver de acordo com eles, para se tornar a melhor pessoa poss&iacute;vel.<br />&bull; Estabelecer metas claras e fazer planos por escrito para atingi-las.<br />&bull; Comprometer-se com atingir o dom&iacute;nio do seu campo de escolha e com a melhoria pessoal<br />vital&iacute;cia.<br />&bull; Programar seu subconsciente para responder de forma positiva e construtiva a cada problema e<br />dificuldade.<br />&bull; Minimizar suas fraquezas e maximizar suas for&ccedil;as para maiores realiza&ccedil;&otilde;es.<br />&bull; Desenvolver altos n&iacute;veis de coragem e incr&iacute;vel persist&ecirc;ncia.</p>\n<p style=\"text-align: justify;\"><br />Torne-se imbat&iacute;vel, irresist&iacute;vel e completamente destemido em todas as &aacute;reas da vida pelo poder da<br />autoconfian&ccedil;a indestrut&iacute;vel. Torne-se uma pessoa de a&ccedil;&atilde;o, supere qualquer obst&aacute;culo, e voe alto.<br />Com a sua nova autoconfian&ccedil;a indestrut&iacute;vel, ser&aacute; poss&iacute;vel atingir qualquer meta que estabelecer para<br />si.</p>',0,1),(228,'2013-03-18 16:28:34',0,1,'A fila anda - Mulheres poderosas não choram','Amor, decepção, felicidade, relacionamento','','','','<p style=\"text-align: justify;\">O livro oferece um plano que reestrutura a mente da leitora, sendo uma solu&ccedil;&atilde;o definitiva de bem-estar e felicidade, reconstruindo a autoestima e os relacionamentos com a ajuda da melhor especialista em t&eacute;rminos de relacionamento e mudan&ccedil;a de atitude.</p>\n<p style=\"text-align: justify;\">Lisa Steadman oferece aquilo que toda mulher precisa em algum momento da vida: an&aacute;lises e conselhos firmes, que muitas vezes sua amiga n&atilde;o vai ter coragem de dar. Steadman ensina como fazer o ex virar passado e a nova fase ser a melhor fase de sua vida. Ele n&atilde;o era para voc&ecirc;, mas o homem certo pode estar na pr&oacute;xima esquina!</p>',0,1),(229,'2013-03-18 16:39:13',0,1,'Por que iniciativa vale mais que inteligência?','Iniciativa, autoconfiança, atitude, insegurança, sucesso','','','','<p style=\"text-align: justify;\">Por que iniciativa vale mais do que intelig&ecirc;ncia n&atilde;o oferece uma solu&ccedil;&atilde;o superficial. Por qu&ecirc;? Porque a chave para liberar o seu potencial para o sucesso est&aacute; em entender as ra&iacute;zes dos seus medos e das suas inseguran&ccedil;as, aceitando quem voc&ecirc; &eacute;, em vez de tentar se tornar algo artificial. Baseado em pesquisa, informa&ccedil;&otilde;es cient&iacute;ficas reconhecidas e na dura realidade, este livro pode ajud&aacute;-lo a atravessar as barreiras que o impedem de brilhar: no trabalho, com as pessoas e na vida.</p>',0,1),(230,'2013-03-20 12:16:17',0,1,'Faça seu cérebro trabalhar para você!','Memória, bem estar, sucesso, cérebro','','','','<p style=\"text-align: justify;\">Esquecer coisas importantes &eacute; uma das  atitudes que causam maior preju&iacute;zo na vida. O ser humano moderno est&aacute;  ficando cada vez mais esquecido, isso &eacute; um fato ineg&aacute;vel.</p>\n<p style=\"text-align: justify;\"><br />&bull; O profissional que se esquece de uma reuni&atilde;o importante.<br />&bull; O marido que se esquece do anivers&aacute;rio da esposa.<br />&bull; O aluno que se esquece de que era dia de prova.<br />&bull; A mulher que se esquece da comida no fogo.<br />&bull; O advogado que se esquece de comparecer na audi&ecirc;ncia.<br />&bull; O pai que esquece o filho trancado dentro do carro.</p>\n<p style=\"text-align: justify;\"><br />N&atilde;o  h&aacute; problema em ter ajuda das m&aacute;quinas, mas voc&ecirc; n&atilde;o deve deixar de usar  e treinar sua mem&oacute;ria. Confiar em si mesmo &eacute; mais seguro que contar com  algo externo, pois n&atilde;o h&aacute; instrumento mais poderoso que uma mem&oacute;ria bem  treinada. Uma mem&oacute;ria eficiente tem valor incalcul&aacute;vel.</p>',0,1),(231,'2013-03-20 17:52:31',0,1,'O Poder do Carisma','Carisma, sorriso, confiança, estima, liderança','','','','<p style=\"text-align: justify;\">Este livro ajuda as pessoas a aumentarem seu poder de conquistar a aten&ccedil;&atilde;o, a confian&ccedil;a&nbsp; a admira&ccedil;&atilde;o das pessoas, destacando-se na multid&atilde;o e atingindo seus objetivos, por meio do aumento do poder de seu carisma.</p>',0,1),(232,'2013-03-21 09:27:05',0,1,'O Impacto do Inesperado','Sucesso, inovação, realização, surpresa','','','','<p style=\"text-align: justify;\">Este livro ajuda profissionais, executivos, empres&aacute;rios e l&iacute;deres a criar novas solu&ccedil;&otilde;es e mais lucros em seus neg&oacute;cios por meio do efeito surpresa, usando o poder do inesperado para ultrapassar expectativas e surpreender clientes e mercados, e proporcionar um salto nos neg&oacute;cios.</p>',0,1),(233,'2013-03-21 09:33:23',0,1,'Como Salvar Uma Hora Todos os Dias','Tempo, dicas, produtividade, aumento, organização, praticidade','','','','<p style=\"text-align: justify;\">Este livro ajuda as pessoas a simplificarem sua vida e realizarem suas tarefas com mais efici&ecirc;ncia para que consigam economizar uma hora por dia, todos os dias, para fazer o que quiserem, com o m&eacute;todo do autor, testado e aprovado por milhares de pessoas, e que &eacute; garantido por ele.</p>',0,1),(234,'2013-03-22 10:41:10',0,1,'Mãe, você é tudo para mim','Amor, mãe, afeto, carinho, presente, mensagens','','','','<p style=\"text-align: justify;\">Muitas vezes n&atilde;o conseguimos expressar nosso amor para uma das pessoas mais importantes da nossa vida. Faltam palavras para expressar tanta gratid&atilde;o e amor, mas n&atilde;o falta vontade de tocar seu cora&ccedil;&atilde;o em uma mensagem sincera.</p>\n<p style=\"text-align: justify;\">Este livro ajuda os filhos que querem presentear e homenagear sua m&atilde;e a tocar o cora&ccedil;&atilde;o dessa mulher t&atilde;o importante na sua vida com palavras e imagens de agradecimento, carinho, reconhecimento e amor.</p>',0,1),(235,'2013-03-22 10:56:46',0,1,'Dr. Agro','Agricultura sustentável, agronegócios, bioenergia','','','','<p style=\"text-align: justify;\">O livro aborda quest&otilde;es pr&aacute;ticas, como a necessidade de alto desempenho para o aumento significativo na produ&ccedil;&atilde;o nacional, o acesso ao mercado asi&aacute;tico, entre outras, mas tamb&eacute;m traduz de forma muito coerente aquilo que estamos buscando nos nossos di&aacute;logos com a sociedade, demonstrando como o setor vem se estruturando e se fortalecendo progressivamente ante o desafio do crescimento e da busca pela sustentabilidade.</p>',0,1),(236,'2013-04-18 16:12:39',0,1,'Carlos Wizard: Sonhos não têm limites','  Empreendedor, sucesso, história, sonhos, conquistas, prosperidade','','','','<p style=\"text-align: justify;\">Muitas pessoas buscam a prosperidade, mas muitas vezes carecem de modelos e exemplos a ser seguidos. Em geral, as pessoas possuem cren&ccedil;as limitantes, acreditam n&atilde;o ser poss&iacute;vel enriquecer come&ccedil;ando do zero, pensam que quem atingiu o topo da carreira teve uma trajet&oacute;ria tranquila e linear, como se houvesse nascido com a estrela para o sucesso, que isso n&atilde;o seria poss&iacute;vel em suas vidas, e desconhecem suas dores e problemas at&eacute; conseguir atingir a posi&ccedil;&atilde;o.</p>\n<p style=\"text-align: justify;\">Este livro serve de exemplo &agrave; aqueles que desejam prosperar na vida, por meio da trajet&oacute;ria de um brasileiro comum, que com muita f&eacute; e perseveran&ccedil;a conseguiu prosperar na vida e hoje &eacute; um milion&aacute;rio de sucesso, mas que n&atilde;o esquece de suas origens.</p>',1,1),(237,'2013-04-18 17:02:36',0,1,'Casais que lucram','Intimidade financeira, riqueza, prosperidade, união','','','','<p style=\"text-align: justify;\">As dificuldades financeiras e discuss&otilde;es sobre dinheiro destroem a harmonia e o relacionamento do casal.</p>\n<p style=\"text-align: justify;\">Este livro ajuda casais que buscam ter intimidade financeira e prosperar a aprender a se comunicar e planejar a vida financeira por meio de t&aacute;ticas efetivas desenvolvidas por uma especialista em finan&ccedil;as para casais.</p>',0,1),(238,'2013-04-18 17:09:29',0,1,'Eu te amo hoje!','Amor, relacionamento, presente, declaração','','','','<p style=\"text-align: justify;\">Em mat&eacute;ria de amor, muitas vezes &eacute; dif&iacute;cil expressar todo o sentimento. Quando conseguimos, na maioria das vezes, ca&iacute;mos no clich&ecirc;.</p>\n<p style=\"text-align: justify;\">Este livro ajuda os casais a expressarem todo seu amor, diariamente, enfeitando o clich&ecirc; que existe nesses momentos. Amor &eacute; semente. Que tal regar?</p>',0,1),(239,'2013-04-18 17:24:53',0,1,'Cuide do seu casamento 5 minutos por dia','Relacionamento, cuidado, amor, harmonia, conquista','','','','<p style=\"text-align: justify;\">Com o tempo, o casamento pode se tornar uma rotina na qual as partes se esquecem do cuidado di&aacute;rio que ele exige para ser saud&aacute;vel.</p>\n<p style=\"text-align: justify;\">Este livro ajuda casais que buscam revigorar seu casamento a manter o amor por meio de estrat&eacute;gias de 5 minutos com efetividade comprovada.</p>',0,1),(240,'2013-05-13 17:35:54',0,1,'Louco por viver','Paixão, vida, felicidade, despertar, autorealização','','','','<p style=\"text-align: justify;\">Neste livro, ser&aacute; apresentado um m&eacute;todo para ser feliz e &ndash; muito melhor do que ser feliz &ndash; ser louco por viver. Como fazer a chama acender e enfrentar os desafios da vida, conseguindo tudo o que parecia imposs&iacute;vel: um grande amor, um emprego dos sonhos, uma fam&iacute;lia feliz.</p>',0,1),(241,'2013-05-13 18:07:06',0,1,'Link-Se','Rede, Networking, Negócios, Carreira, Comitiva','','','','<p style=\"text-align: justify;\">Este livro ajuda a transformar liga&ccedil;&otilde;es breves em conex&otilde;es que podem mudar a sua carreira ou neg&oacute;cios, por meio de estrat&eacute;gias tra&ccedil;adas pela autora.</p>',0,1),(244,'2013-06-14 14:42:37',0,1,'Casais Inteligentes Enriquecem Juntos - Nova Edição','Dívidas, Dinheiro, Casais, Rico','','','','<p style=\"text-align: justify;\">Com sugest&otilde;es para casais em qualquer fase do relacionamento, dos  namorados aos casais com filhos adultos, este livro mostra diferentes  estrat&eacute;gias para formar uma parceria inteligente, ao longo da vida, na  administra&ccedil;&atilde;o das finan&ccedil;as da fam&iacute;lia.</p>\n<p style=\"text-align: justify;\">&nbsp;</p>\n<p><span style=\"text-decoration: underline;\">O que mudou no livro? </span></p>\n<p>- H&aacute; um cap&iacute;tulo extra, com complemento &agrave; leitura;</p>\n<p>- Um cap&iacute;tulo do livro Dinheiro, os segredos de quem tem com um teste, do mesmo autor;</p>\n<p>- Novo formato;</p>\n<p>- Novo pre&ccedil;o.</p>',1,0),(246,'2013-06-14 15:40:39',0,1,'Dinheiro é um santo remédio','Dinheiro, Remédio, Prosperidade, Finanças, Enriquecer','','','','<p style=\"text-align: justify;\">Preste aten&ccedil;&atilde;o no dinheiro assim como na sa&uacute;de, e descubra os passos para sair da UTI financeira e entrar na Academia do Dinheiro!</p>',1,1),(247,'2013-06-14 15:46:43',0,1,'O problema não é ele, é você!','Relacionamento, Primeiro encontro, Amor','','','','<p style=\"text-align: justify;\">Este livro &eacute; uma pesquisa feita pela autora sobre relacionamentos que levou &agrave; seguinte resposta: o problema do in&iacute;cio dos relacionamentos n&atilde;o est&aacute; no primeiro encontro ou no homem. O problema &eacute; que durante os primeiros est&aacute;gios entre o casal, a mulher comete erros prim&aacute;rios que complicam sua inten&ccedil;&atilde;o de manter o relacionamento e encontrar o homem dos seus sonhos. O livro identifica 10 erros principais e mostra como evit&aacute;-los.</p>\n<p style=\"text-align: justify;\">A leitora aprender&aacute; como trabalhar a favor de um romance duradouro, com dicas simples sobre o primeiro passo, tirar vantagem de situa&ccedil;&otilde;es inusitadas, esquecer velhos padr&otilde;es na hora do primeiro encontro e saber se valorizar diante da paquera. Este livro mostrar&aacute; o que a leitora realmente precisa: estrat&eacute;gias que a favore&ccedil;am! Voc&ecirc; pode encontrar seu pr&iacute;ncipe encantado e a felicidade que procura!</p>',0,1),(248,'2013-06-14 15:52:22',0,1,'Os segredos da felicidade','Fé, Felicidade, Padre Sertanejo, Amor, Paz','','','','<p style=\"text-align: justify;\">A f&eacute; &eacute; o caminho que levar&aacute; o leitor &agrave; felicidade. Seja a f&eacute; abalada ou a falta dela, o livro aconselha e prop&otilde;e um novo olhar sobre os problemas da vida e a persist&ecirc;ncia na busca pela felicidade.</p>',0,1),(249,'2013-07-15 17:52:49',0,1,'Seja a pessoa certa no lugar certo','Personalidade, orientação vocacional, certo, autoconhecimento','','','','<p style=\"text-align: center;\"><strong>Talentos, habilidades e experi&ecirc;ncias s&oacute; s&atilde;o &uacute;teis<br />se voc&ecirc; estiver no lugar certo!</strong></p>\n<p style=\"text-align: justify;\"><br />Muita  gente est&aacute; insatisfeita ou frustrada com sua vida profissional por n&atilde;o  ter certeza de estar no lugar mais adequado, e isso acontece com  indiv&iacute;duos em todos os est&aacute;gios da carreira.</p>\n<p style=\"text-align: justify;\"><br />Pense  bem: o que o faz ser diferente da maioria? Quais s&atilde;o suas  caracter&iacute;sticas mais marcantes? Que ferramentas voc&ecirc; possui para  conseguir as coisas que almeja? O que gostaria de mudar?</p>\n<p style=\"text-align: justify;\"><br />Se  voc&ecirc; tem alguns desses questionamentos, este &eacute; o livro certo para  respond&ecirc;-los. Quando investimos em autoconhecimento, entendemos melhor  quem somos e fica mais f&aacute;cil decidir o que fazer e onde queremos chegar.  Compreender as for&ccedil;as inconscientes que nos dominam &eacute; um primeiro e  grande passo para tomar decis&otilde;es mais acertadas. Ao saber como funciona  sua personalidade, ser&aacute; poss&iacute;vel utilizar solu&ccedil;&otilde;es pr&aacute;ticas para  posicionar-se onde se sinta mais forte, seguro e produtivo.</p>\n<p style=\"text-align: justify;\"><br />Voc&ecirc;  receber&aacute; instru&ccedil;&otilde;es muito claras de como aprimorar seus pontos fortes,  administrar seus pontos fracos e ter&aacute; uma experi&ecirc;ncia que dar&aacute; novo rumo  &agrave; sua vida profissional ao ajud&aacute;-lo a ser cada vez mais a pessoa certa  no lugar certo!</p>',1,1),(250,'2013-07-16 09:45:30',0,1,'O Poder da antecipação','clientes, desejos, experiência, sucesso','','','','<p style=\"text-align: justify;\">Este livro integra t&eacute;cnicas b&aacute;sicas de compreens&atilde;o sobre o cliente e entrega efetiva e organizada de servi&ccedil;os &agrave;s t&aacute;ticas inovadoras para ANTECIPAR as necessidades dele. Feito para qualquer tipo de organiza&ccedil;&atilde;o ou produto, aprenda como praticar o foco no cliente, conceito que transformou organiza&ccedil;&otilde;es como a Apple e se tornou toda a raz&atilde;o de ser da Amazon.</p>',1,1),(251,'2013-07-16 09:54:19',0,1,'A Bíblia do empreendedor','Empreendedorismo, negócios, sucessos, abrir, autônomo','','','','<p style=\"text-align: justify;\">Neste livro, voc&ecirc; ir&aacute; encontrar um calend&aacute;rio e as etapas que voc&ecirc; precisa seguir para se tornar um CEO de sucesso de sua pr&oacute;pria empresa. No pr&oacute;ximo ano, neste momento, voc&ecirc; pode estar colhendo os frutos de seu emprego dos sonhos.</p>',1,1),(252,'2013-08-14 10:03:47',0,1,'A receita do bolo','Rico, Milhão, educação financeira, riquezas','','','','<p style=\"text-align: center;\"><strong>Pare de perder tempo e chegue ao t&atilde;o sonhado milh&atilde;o</strong></p>\n<p style=\"text-align: justify;\"><br />Quando recebemos conselhos para a vida financeira &eacute; muito comum ficarmos ainda mais confusos. Na verdade, quando se come&ccedil;a a falar em juros, porcentagens, tabelas de financiadoras e prazos de cr&eacute;dito, a grande maioria de n&oacute;s s&oacute; pensa em sair correndo. Mas o dinheiro &eacute; realmente esse mist&eacute;rio t&atilde;o indecifr&aacute;vel? Mauro Calil nos mostra que n&atilde;o.</p>\n<p style=\"text-align: justify;\"><br />Neste livro, Calil traz para o leitor uma forma t&atilde;o simples e t&atilde;o clara de entender o dinheiro que parece quase... Isso mesmo, voc&ecirc; acertou, uma receita de bolo. Entender como fazer o dinheiro render e, muito mais do que isso, se multiplicar &eacute; entender leis universais de propor&ccedil;&atilde;o e equil&iacute;brio.</p>\n<p style=\"text-align: justify;\"><br />Fa&ccedil;a o dinheiro deixar de ser c&oacute;digo secreto e transforme sua vida financeira seguindo o passo a passo dessa receita simples e eficiente.</p>\n<p style=\"text-align: justify;\"><br />O enriquecimento e a autonomia s&oacute; dependem de voc&ecirc;!</p>',1,1),(256,'2013-09-26 09:37:06',0,1,'Em busca da sabedoria de Salomão','Carreira, sabedoria, bíblia, ensinamentos, lições','','','','<p style=\"text-align: center;\"><strong>Homens de todas as na&ccedil;&otilde;es vinham ouvir a sabedoria de<br />Salom&atilde;o. Eram enviados por todos os reis que tinham<br />ouvido falar de sua sabedoria. (I Reis 4: 29-34)</strong></p>\n<p style=\"text-align: justify;\"><br />H&aacute; milhares de anos a B&iacute;blia tem sido usada como refer&ecirc;ncia e inspira&ccedil;&atilde;o para a vida e para os nossos problemas do cotidiano. N&atilde;o seria diferente para o mundo dos neg&oacute;cios.</p>\n<p style=\"text-align: justify;\"><br />Trazendo uma profunda reflex&atilde;o sobre Salom&atilde;o e outros personagens da B&iacute;blia, Em busca da sabedoria de Salom&atilde;o nos mostra como esses conhecimentos ainda s&atilde;o t&atilde;o relevantes nos dias de hoje a ponto de transformarem nossa vida profissional. Usando cinco personagens fortes do Livro Sagrado, os autores tra&ccedil;am suas principais virtudes e nos mostram como elas podem nos levar ao sucesso absoluto. S&atilde;o li&ccedil;&otilde;es que v&atilde;o aprimorar nossas decis&otilde;es, nosso senso de justi&ccedil;a, nossa integridade, nossa coragem e nossa f&eacute;. Tamb&eacute;m nos ensinar&atilde;o a superar obst&aacute;culos e a sermos l&iacute;deres melhores.</p>\n<p style=\"text-align: justify;\"><br />A B&iacute;blia pode ser uma inspira&ccedil;&atilde;o poderosa para sua carreira: aplique esses antigos conhecimentos no seu trabalho e atinja seus objetivos!</p>',1,1),(257,'2013-09-26 09:42:42',0,1,'Lições de arquitetura financeira','Lições, biografia, mercado financeiro, Unibanco, Vainboim','','','','<p style=\"text-align: center;\"><strong>A trajet&oacute;ria de um dos mais importantes empreendedores brasileiros e sua jornada, que reflete na hist&oacute;ria econ&ocirc;mica recente do pa&iacute;s.</strong></p>\n<p style=\"text-align: justify;\"><br />Poucos homens nascem com a capacidade de chegar ao topo. Um executivo not&aacute;vel, criado a partir do conceito da boa engenharia e com um dom inigual&aacute;vel para arquitetar excelentes oportunidades de neg&oacute;cio &eacute; ainda mais raro.</p>\n<p style=\"text-align: justify;\"><br />Dono de uma vis&atilde;o privilegiada e participante direto de algumas das grandes passagens econ&ocirc;micas do pa&iacute;s nos &uacute;ltimos quarenta anos, Israel Vainboim, ex-diretor e ex-presidente do Unibanco, e atual conselheiro de algumas das maiores empresas do pa&iacute;s, conta sua hist&oacute;ria e permite que o leitor compreenda como se formam as mentes que geram riquezas e, ainda, a maneira pela qual funcionam os bastidores do mercado financeiro, no calor de suas manobras.</p>\n<p style=\"text-align: justify;\"><br />Neste livro, Israel compartilha suas ideias aos que, de uma forma ou de outra, por elas foram atingidos ao longo das &uacute;ltimas quatro d&eacute;cadas. &Eacute; o valor de quem alcan&ccedil;a uma meta e, n&atilde;o satisfeito, decide ensinar o caminho com o pr&oacute;prio exemplo.</p>',1,1),(258,'2013-09-26 09:53:18',0,1,'Gestão da singularidade','Singularidade, Alta performance, gestão, equipe, motivação','','','','<p style=\"text-align: center;\"><strong><em>Ser singular: o grande poder do trabalho no s&eacute;culo XXI.</em></strong></p>\n<p>&nbsp;</p>\n<p style=\"text-align: justify;\">Existe uma situa&ccedil;&atilde;o com a qual qualquer colaborador sempre vai se identificar: somos contratados por uma empresa, a miss&atilde;o &eacute; &oacute;tima, a estrat&eacute;gia bem-pensada, a meta &eacute; mais do que almejada e a equipe est&aacute; motivada. Mas a execu&ccedil;&atilde;o deixa a desejar, e, na verdade, tanto a equipe quanto o l&iacute;der se sentem eternos bombeiros correndo para apagar um inc&ecirc;ndio atr&aacute;s do outro.</p>\n<p style=\"text-align: justify;\">&nbsp;Como conseguir levar a estrutura corporativa, fortalecer uma cultura de empresa com processos virtuosos e ao mesmo tempo conseguir inovar e trazer novos neg&oacute;cios? A velocidade e a complexidade das mudan&ccedil;as que temos hoje no mercado sempre deixam os gestores em uma situa&ccedil;&atilde;o complicada, ao mesmo tempo em que sabem que precisam orientar, engajar e capacitar sua equipe, precisam aprimorar as pr&oacute;prias compet&ecirc;ncias. Por&eacute;m, est&atilde;o t&atilde;o atarefados, resolvendo in&uacute;meros problemas de gest&atilde;o, que nenhuma dessas coisas acontece.</p>\n<p style=\"text-align: justify;\">Eduardo Carmello, palestrante Top 5 do Top of Mind de Recursos Humanos do Estad&atilde;o, d&aacute; o segredo que ir&aacute; transformar o fluxo produtivo de qualquer organiza&ccedil;&atilde;o: a gest&atilde;o focada na singularidade dos talentos.</p>\n<p style=\"text-align: justify;\">Desde a gest&atilde;o de equipes pequenas at&eacute; departamentos inteiros, aprenda como maximizar seu tempo e os talentos que o cercam em um m&eacute;todo pr&aacute;tico, simples e revolucion&aacute;rio. Em vez de semin&aacute;rios de motiva&ccedil;&atilde;o, encontre aquilo que move as equipes e traga resultados por onde passar. Prepare-se para a era da alta performance.</p>',1,1),(259,'2013-10-21 11:03:00',0,1,'O Vendedor na era digital','Vendas on-line, internet, redes sociais, e-commerce','','','','<p style=\"text-align: center;\"><strong>Encare o novo consumidor e aprenda que vender pela internet &eacute; lucrativo e f&aacute;cil.</strong></p>\n<p style=\"text-align: justify;\"><br />Em uma &eacute;poca em que tudo muda de um dia para outro, &eacute; um grande desafio nos manter conectados &agrave;s novas tend&ecirc;ncias de mercado e oferecer o que o novo consumidor realmente deseja. O processo de vendas, que por anos foi feito da mesma maneira, precisou se reinventar com urg&ecirc;ncia para atender &agrave;s novas demandas, e com isso muitos vendedores t&ecirc;m d&uacute;vidas sobre como usar as novas tecnologias a seu favor.</p>\n<p style=\"text-align: justify;\"><br />Neste livro, C&eacute;sar Fraz&atilde;o e Jo&atilde;o Kepler mostram quanto &eacute; importante se atualizar e utilizar a internet e suas varia&ccedil;&otilde;es, e-mails, redes sociais, sites de busca e chats para melhorar e ampliar suas vendas. Se hoje em dia temos um consumidor &aacute;vido por novidades, por que n&atilde;o oferecer o melhor produto do jeito que ele quer? A partir de dicas de constru&ccedil;&atilde;o de networking, apresenta&ccedil;&atilde;o dos produtos, troca de informa&ccedil;&otilde;es, padroniza&ccedil;&atilde;o de e-mails e p&aacute;ginas e relacionamentos virtuais, O vendedor na era digital tornar&aacute; voc&ecirc; uma m&aacute;quina de vendas do mundo virtual.</p>',1,1),(260,'2013-10-21 11:23:31',0,1,'O Cérebro de alta performance','Córtex, produtividade, mente, potencial, atitudes','','','','<p style=\"text-align: center;\">NAS LISTAS DOS MAIS VENDIDOS!</p>\n<p style=\"text-align: center;\"><strong>Treine uma mente de alta performance e mude o seu futuro</strong></p>\n<p style=\"text-align: justify;\"><br />Todos os dias voc&ecirc; toma decis&otilde;es, e todas elas t&ecirc;m algum n&iacute;vel de import&acirc;ncia e poder de definir seu sucesso ou seu fracasso. Entretanto, quanto dessas decis&otilde;es &eacute; consciente e racional? Quantas vezes perdemos o controle das situa&ccedil;&otilde;es e acabamos agindo por impulso, causando impress&otilde;es erradas sem perceber? Voc&ecirc; tem certeza de que sua percep&ccedil;&atilde;o est&aacute; alinhada com a realidade e que consegue usufruir do melhor das oportunidades?</p>\n<p style=\"text-align: justify;\"><br />A alta performance da mente pode mudar o resultado de seus projetos e planos, e ela s&oacute; depende de treinamento para ser alcan&ccedil;ada. O segredo para usar o potencial total do aparelho mental est&aacute; no treino das capacidades atribu&iacute;das ao nosso c&eacute;rebro, e principalmente ao c&oacute;rtex pr&eacute;-frontal, no qual o processo de julgamento de nossas decis&otilde;es acontece.</p>\n<p style=\"text-align: justify;\"><br />Ao controlar o juiz de nossas atitudes, somos donos de nossas percep&ccedil;&otilde;es &ndash; e tamb&eacute;m das impress&otilde;es que causamos nos outros, seja em uma apresenta&ccedil;&atilde;o, em um primeiro encontro ou em uma reuni&atilde;o decisiva. Descubra o poder da orienta&ccedil;&atilde;o para resultados e caminhe com Luiz Fernando Garcia pelos tesouros que voc&ecirc; sequer imaginou que guardava.</p>',1,1),(262,'2013-10-21 11:45:06',0,1,'Estrada para os sonhos','Expedição, Realizações, volta ao mundo, projetos, sonhos, Viagem, Estrada','','','','<p style=\"text-align: justify;\">Uma expedi&ccedil;&atilde;o pelos cinco continentes. Uma volta ao mundo sobre duas rodas. Marcelo Leite e sua esposa Beth Rodrigues encararam esse grande projeto e, em meio a riscos, fortes emo&ccedil;&otilde;es e novas experi&ecirc;ncias, equipados apenas de uma BMW GS1200 Adventure bem preparada, os dois atravessaram as Am&eacute;ricas, a Europa, o Oriente M&eacute;dio, a &Aacute;frica, a Austr&aacute;lia e a &Aacute;sia.</p>\n<p style=\"text-align: justify;\"><br />Ao convidar voc&ecirc;, leitor, para acompanhar essa expedi&ccedil;&atilde;o, o livro oferece aprendizados valiosos, que podem ser aplicados na sua vida profissional e pessoal, e que v&atilde;o fazer voc&ecirc; planejar e executar sonhos que, aparentemente, podem parecer imposs&iacute;veis, mas, trabalhando para entender e desenvolver habilidades e ferramentas poderosas ser&aacute; poss&iacute;vel concretiz&aacute;-los. N&atilde;o perca essa grande aventura!</p>\n<p style=\"text-align: justify;\">&nbsp;</p>\n<p style=\"text-align: justify;\"><em>&ldquo;Quando analisamos as Melhores Empresas para Trabalhar no mundo todo, descobrimos que essas empresas inspiram seus profissionais a darem o melhor de si (...). Ao mesmo tempo, s&atilde;o formadas por profissionais determinados, que trabalham duro para superar as dificuldades di&aacute;rias mas tamb&eacute;m se divertem e celebram cada conquista! &Eacute; essa li&ccedil;&atilde;o de lideran&ccedil;a que Marcelo e Beth nos mostram na pr&aacute;tica, ao longo de uma jornada de dois anos. Profundamente inspirador e leitura obrigat&oacute;ria para os Melhores Profissionais nas Melhores Empresas!&rdquo;</em><br /><strong>Ruy Shiozawa</strong>, CEO do Great Place To Work&reg; Brasil</p>\n<p style=\"text-align: justify;\">&nbsp;</p>\n<p style=\"text-align: justify;\"><em>&ldquo;Si nos contentamos con s&oacute;lo desaf&iacute;os menores, siempre estaremos limitados, mientras que si nos atrevemos a expandir nuestro coraje para los grandes desaf&iacute;os, nuestros logros ser&aacute;n enormes!&rdquo;</em><br /><strong>Adolfo P. Rosell</strong>, Presidente da Latin American Motorcycle Association &ndash; Cuba</p>\n<p style=\"text-align: justify;\">&nbsp;</p>\n<p style=\"text-align: justify;\"><em>&ldquo;A dist&acirc;ncia entre um sonho e a sua realiza&ccedil;&atilde;o &eacute; tanto menor quanto maior for a sua capacidade de acreditar nesse sonho. Este &eacute; um livro simplesmente delicioso, que retrata uma experi&ecirc;ncia maravilhosa e encantadora de Marcelo, Beth e a Companheira pelos quatro cantos do mundo, carregando como bagagem principal um sonho, que foi finalmente realizado. Voc&ecirc; vai adorar viajar com eles!&rdquo;</em><br /><strong>Gilberto Cabeggi</strong>, autor de Antes tarde do que nunca e Todo dia &eacute; dia de ser feliz, entre outros livros.</p>\n<p style=\"text-align: justify;\">&nbsp;</p>',1,1),(263,'2013-10-21 11:53:18',0,1,'Carreira 360 graus','Empreender, coaching profissional, carreira, planejamento','','','','<p style=\"text-align: center;\"><strong>Ter uma vis&atilde;o 360 graus: a estrat&eacute;gia para se destacar no mundo e nos neg&oacute;cios</strong></p>\n<p style=\"text-align: justify;\"><br />Na era da informa&ccedil;&atilde;o, sempre parece que de uma semana para outra todas as regras do jogo mudam, e fica dif&iacute;cil para o profissional que quer subir na carreira saber como se destacar. O mercado cobra que sejamos profissionais completos e preparados para os desafios da realidade que vivemos. &Eacute; preciso definir o que queremos e encontrar o caminho certo para alcan&ccedil;ar nossos objetivos e nossas metas.</p>\n<p style=\"text-align: justify;\"><br />Ent&atilde;o, como podemos encontrar o direcionamento para nossa carreira, o que constr&oacute;i o profissional ideal? S&atilde;o essas perguntas que Carreira 360 graus responde.</p>\n<p style=\"text-align: justify;\"><br />Com sua experi&ecirc;ncia, C&eacute;lio revela o m&eacute;todo que o fez crescer e ser hoje o presidente de um dos maiores centros educacionais, o Grupo Educacional Impacta Tecnologia. O profissional que sonha com uma carreira vencedora precisa estar aberto &agrave;s novas demandas e aprender a construir, como C&eacute;lio denomina, a Vis&atilde;o de Ciclo Completo (VCC) &ndash; s&oacute; assim estar&aacute; engajado e conseguir&aacute; definir suas metas de modo que as veja sendo concretizadas.<br />Explore seu potencial e seja o intraempreendedor extraordin&aacute;rio de que o s&eacute;culo XXI precisa!</p>\n<p style=\"text-align: justify;\">&nbsp;</p>\n<p style=\"text-align: center;\"><em>&ldquo;C&eacute;lio Antunes &eacute; um dos profissionais mais vision&aacute;rios que conhe&ccedil;o, ele tem muito a ensinar para voc&ecirc; neste livro.&rdquo;</em> <strong>Roberto Shinyashiki</strong></p>',1,1),(264,'2013-11-07 16:38:22',0,1,'Mente, gestão e resultados','Recursos humanos, psicologia, comportamento, resultados','','','','<p style=\"text-align: center;\"><strong>Como a psicodin&acirc;mica em neg&oacute;cios pode revolucionar o profissional de Recursos Humanos</strong></p>\n<p style=\"text-align: justify;\"><br />Depois de treze anos de Grupos Dirigidos (GDs) com a abordagem de psicodin&acirc;mica em Neg&oacute;cios, Luiz Carlos Os&oacute;rio e Luiz Fernando Garcia podem dizer com confian&ccedil;a que a psicodin&acirc;mica n&atilde;o s&oacute; muda vidas, mas transforma faturamentos.</p>\n<p style=\"text-align: justify;\"><br />A partir da experi&ecirc;ncia com l&iacute;deres e donos de empresas, &eacute; trazida aqui a t&eacute;cnica para criar e administrar grupos focados e desenvolver equipes dentro de corpora&ccedil;&otilde;es de qualquer tamanho.</p>\n<p style=\"text-align: justify;\"><br />Em um momento cada vez mais competitivo dentro das organiza&ccedil;&otilde;es, Mente, Gest&atilde;o e Resultados &eacute; um livro que existe para atender aos desejos do profissional de RH, que &eacute; empreendedor e tem vontade de reter talentos e buscar alta performance, dando a ele as ferramentas para analisar a pr&oacute;pria conduta e estabelecer o intraempreendedorismo nas organiza&ccedil;&otilde;es.</p>\n<p style=\"text-align: justify;\"><br />A metodologia apresentada ensina a desenvolver a orienta&ccedil;&atilde;o para resultados, que j&aacute; mudou a vida de mais de 1.200 empres&aacute;rios, trazendo um modelo de gest&atilde;o de RH de destaque, diferente daquilo que vemos nos manuais. H&aacute; aqui um m&eacute;todo &uacute;nico, que auxilia na reten&ccedil;&atilde;o e no desenvolvimento de empreendedores dentro das empresas.</p>\n<p style=\"text-align: justify;\"><br />Descubra o poder do comportamento humano aplicado &agrave; administra&ccedil;&atilde;o, que gera lideran&ccedil;a, motiva&ccedil;&atilde;o e resultados. Fa&ccedil;a de cada colaborador uma pessoa de resultado e torne o desafio uma fonte motivadora do sucesso das equipes.</p>\n<p style=\"text-align: justify;\"><br />Alguns dos resultados comprovados em mais de treze anos de l&iacute;deres atendidos em Grupos Dirigidos:</p>\n<ul style=\"text-align: justify;\">\n<li>N&uacute;mero de funcion&aacute;rios aumentou em m&eacute;dia 21,83%. </li>\n<li>Faturamento das empresas aumentou em m&eacute;dia 34,5%.</li>\n<li>N&uacute;mero de clientes aumentou em m&eacute;dia 20,12%. </li>\n<li>Foram abertos em m&eacute;dia 2,5 novos n&uacute;cleos de neg&oacute;cios ou filiais por participante. </li>\n<li>Aumento m&eacute;dio de 26,44% da capacidade produtiva das empresas. </li>\n<li>Redu&ccedil;&atilde;o m&eacute;dia de 17,44% dos custos das empresas. </li>\n<li>Diminui&ccedil;&atilde;o medida de 19,4% do desgaste entre colaboradores. </li>\n<li style=\"text-align: justify;\">91,17% dos participantes consideram que sua motiva&ccedil;&atilde;o aumentou.</li>\n</ul>',1,1),(265,'2013-12-04 16:56:36',0,1,'Haja Coração','Timão, Corinthians, Bando de louco, louco por ti, futebol','','','','<p style=\"text-align: justify;\">Nas 300 p&aacute;ginas e 180 fotos deste livro, voc&ecirc; vai acompanhar a bela hist&oacute;ria do Corinthians, desde o bairro do Bom Retiro, S&atilde;o Paulo, onde nasceu em 1910, at&eacute; a cidade de Yokohama, no Jap&atilde;o, onde, em 2012, se tornou bicampe&atilde;o no Mundial de Clubes.</p>\n<p style=\"text-align: justify;\"><br />Vai saber tudo o que, ao longo de 103 anos, foi vivido, dito, cantado e sonhado na hist&oacute;ria de um time que se tornou quase uma na&ccedil;&atilde;o, quase uma religi&atilde;o e, certamente, uma inesgot&aacute;vel fonte de fraternidade entre seus milh&otilde;es de fi&eacute;is.</p>\n<p style=\"text-align: justify;\"><br />&Eacute; uma hist&oacute;ria que merece ser conhecida n&atilde;o s&oacute; pelos corintianos, mas por todos os que amam o futebol e veem nele um poderoso s&iacute;mbolo das batalhas da vida.</p>',0,1),(266,'2014-01-21 10:35:58',0,1,'A Bíblia do vendedor','Vendas, vendedor, como vender, administração, sucesso em vendas','','','','<p style=\"text-align: center;\">Os segredos para conquistar clientes!</p>\n<p style=\"text-align: justify;\"><br />&Eacute; uma unanimidade: n&atilde;o existe profiss&atilde;o mais competitiva do que a de vendedor. Conquistar clientes, saber suas necessidades, conseguir se destacar da concorr&ecirc;ncia e bater metas fazem com que vender seja uma atividade dif&iacute;cil, mas &eacute; a alma de qualquer neg&oacute;cio.</p>\n<p style=\"text-align: justify;\">Neste livro, Stephan Schiffman passa todo o caminho das pedras. Entenda como fazer vendas por telefone e por e-mail, como conseguir marcar reuni&otilde;es e acompanhamentos com os clientes &ndash; e o melhor, como reverter um &ldquo;n&atilde;o&rdquo;, transformando-o em uma grande vit&oacute;ria.</p>\n<p style=\"text-align: justify;\">Depois de treinar mais de 500 mil profissionais de vendas ao longo de trinta anos, o autor descobriu 75 t&eacute;cnicas infal&iacute;veis e pr&aacute;ticas para fechar vendas frequentes e bater metas com alta performance, construindo uma carteira de clientes s&oacute;lida.</p>\n<p style=\"text-align: justify;\">Com as li&ccedil;&otilde;es r&aacute;pidas e certeiras de Schiffman, consiga desenvolver o maior tesouro dos tempos atuais: o poder de persuas&atilde;o em vendas.</p>',1,1),(267,'2014-01-21 10:49:41',0,1,'A Força dos quietos','Introvertido, Introversão, influenciar, tímido, extrovertido','','','','<p style=\"text-align: center;\"><strong><em>&ldquo;Este livro extraordin&aacute;rio demonstra que voc&ecirc; n&atilde;o precisa gritar para ter voz e ser ouvido.&rdquo; Susan Cain, autora de O Poder dos Quietos</em></strong></p>\n<p style=\"text-align: justify;\"><br />Qualquer pessoa que desempenha um papel, seja ele profissional ou pessoal, precisa influenciar as outras em diversos momentos. E virou ponto comum que grandes influenciadores tomam o centro do palco, conseguem se vender, falam mais alto e s&atilde;o ouvidos pela sua eloqu&ecirc;ncia.</p>\n<p style=\"text-align: justify;\"><br />Mas nesse mundo em que a extrovers&atilde;o e as apar&ecirc;ncias parecem governar, os introvertidos acabam sentindo como se n&atilde;o houvesse espa&ccedil;o para as suas vozes. Como influenciar, convencer pessoas e vender ideias quando somos quietos? Quando o lado da vida no qual estamos mais confort&aacute;veis &eacute; o interior? &Eacute; a&iacute; que entra Jennifer Kahnweiler, que traz as provas de que existe mais de uma maneira de ser influente.</p>\n<p style=\"text-align: justify;\"><br />A autora mostra como os introvertidos podem ser influenciadores altamente eficientes quando, em vez de tentar agir como extrovertidos, usam suas for&ccedil;as naturais para fazer a diferen&ccedil;a.</p>\n<p style=\"text-align: justify;\">&nbsp;</p>\n<p style=\"text-align: justify;\">Descubra as seis for&ccedil;as dos introvertidos, desenvolva a influ&ecirc;ncia silenciosa e se liberte da cobran&ccedil;a para ser extrovertido: o maior tesouro est&aacute; dentro de voc&ecirc;!</p>',0,1),(272,'2014-02-24 16:09:05',0,1,'Como nasce o líder','instituto, arbinger,','','','','<p>&nbsp;<em>Voc&ecirc; j&aacute; sentiu que tudo parece conspirar contra seus esfor&ccedil;os? Quantas vezes voc&ecirc; j&aacute; teve vontade de viver uma grande mudan&ccedil;a em sua vida?</em></p>\n<p>Nossa rotina &eacute; repleta dos mais variados problemas: trabalhar com uma equipe descomprometida ou um chefe que n&atilde;o oferece apoio, lidar com familiares que cobram mais tempo e dedica&ccedil;&atilde;o...</p>\n<p><em>Como nasce o l&iacute;der</em> &eacute; uma narrativa fascinante que mostra, por meio de uma f&aacute;bula surpreendente, como nossa mente esconde as emboscadas que nos colocam dentro de &ldquo;caixas&rdquo;. Pris&otilde;es que n&oacute;s mesmos criamos e que nos impedem de ver as oportunidades que surgem e, para piorar, criam um ciclo de justificativas, que culpam os outros pelo que acontece de ruim no nosso dia a dia.</p>\n<p>A hist&oacute;ria de Tom nos mostra como &eacute; poss&iacute;vel romper com ciclos improdutivos e perceber como e por que o sucesso s&oacute; depende de n&oacute;s. O livro ajuda a entender como navegar pelas diversas responsabilidades que cabem ao l&iacute;der: desde a fase de sele&ccedil;&atilde;o e contrata&ccedil;&atilde;o de candidatos, lideran&ccedil;a e forma&ccedil;&atilde;o de equipes, resolu&ccedil;&atilde;o de conflitos, transforma&ccedil;&atilde;o na responsabiliza&ccedil;&atilde;o at&eacute; crescimento e desenvolvimento pessoal.</p>\n<p><strong>&nbsp;</strong></p>\n<p><strong>Sobre o autor:</strong></p>\n<p>O INSTITUTO ARBINGER ajuda organiza&ccedil;&otilde;es, fam&iacute;lias, indiv&iacute;duos e comunidades do mundo todo a resolver as situa&ccedil;&otilde;es criadas pelo problema pouco conhecido, mas bastante disseminado, do autoengano. O Arbinger &eacute; comandado internacionalmente por seus s&oacute;cios-fundadores James Ferrell,&nbsp;</p>',1,1),(273,'2014-02-24 16:22:37',0,1,'O caminho da paz','o caminho da paz, mahatma, ghandi','','','','<p>&ldquo;A vida &eacute; uma prece cont&iacute;nua, um ato ininterrupto de lou&shy;vor.&rdquo;</p>\n<p>Uma das figuras mais influentes do s&eacute;culo XX, Mahatma Gandhi foi um l&iacute;der revolucion&aacute;rio n&atilde;o apenas na pol&iacute;tica, mas tamb&eacute;m na filosofia e na religi&atilde;o. Foi pela for&ccedil;a de sua devo&ccedil;&atilde;o a Deus que ele recebeu o t&iacute;tulo de Mahatma, que significa Grande Alma, e continua a ser reconhecido por milh&otilde;es de pessoas como um grande conhecedor da alma humana. Este livro explora as profundas reflex&otilde;es de Gandhi sobre tudo aquilo que &eacute; mais importante em nossas vidas: a verdade, o amor, a f&eacute; e a pr&aacute;tica do bem. Leitores de todos os credos encontrar&atilde;o sabedoria e inspira&ccedil;&atilde;o nessas muitas mensagens do homem que lutou pela paz e pela independ&ecirc;ncia da &Iacute;ndia. Gandhi acreditava na validade de todas as religi&otilde;es, pois todas representavam o Deus &uacute;nico e superior, criador de tudo e for&ccedil;a geradora da vida. Encontre as respostas e viva a paz do divino que h&aacute; dentro de cada um de n&oacute;s.&nbsp;</p>\n<p>Mahatma Gandhi</p>',1,1),(275,'2014-03-11 11:51:22',0,1,'Transformando grama em ouro','julio casares, transformando, grama, our','','','','<p>&nbsp;</p>\n<div id=\"_mcePaste\" style=\"position: absolute; left: -10000px; top: 0px; width: 1px; height: 1px; overflow: hidden;\">Quantos tesouros escondidos voc&ecirc; j&aacute; deixou passar ao longo da vida?</div>\n<div id=\"_mcePaste\" style=\"position: absolute; left: -10000px; top: 0px; width: 1px; height: 1px; overflow: hidden;\">Em um mundo que fica cada vez mais competitivo, o que mais se ouve &eacute; &ldquo;n&atilde;o deu para fazer o projeto dos sonhos porque n&atilde;o tinha dinheiro para isso&rdquo;, ou &ldquo;n&atilde;o desfrutamos das f&eacute;rias que desej&aacute;vamos porque n&atilde;o deu tempo de planejar&rdquo;, ou ainda &ldquo;nosso emprego n&atilde;o &eacute; satisfat&oacute;rio porque n&atilde;o houve oportunidade melhor&rdquo;. A car&ecirc;ncia de recursos naquilo que tentamos fazer &eacute; apontada o tempo todo e, no &acirc;mbito de uma empresa, esse sintoma toma propor&ccedil;&otilde;es gigantescas.</div>\n<div id=\"_mcePaste\" style=\"position: absolute; left: -10000px; top: 0px; width: 1px; height: 1px; overflow: hidden;\">Como, ent&atilde;o, fazer uma campanha de marketing se n&atilde;o h&aacute; dinheiro para material e publicidade? Como fazer o cliente se apaixonar por sua marca, se tornar um f&atilde; fiel, quando todos os recursos se resumem a argumenta&ccedil;&atilde;o? Se n&atilde;o h&aacute; fogos de artif&iacute;cio, nem dinheiro para comprar an&uacute;ncios de televis&atilde;o ou para contratar grandes ag&ecirc;ncias de publicidade? E &ndash; ainda por cima! &ndash; voc&ecirc; trabalha com uma equipe reduzida e estafada?</div>\n<div id=\"_mcePaste\" style=\"position: absolute; left: -10000px; top: 0px; width: 1px; height: 1px; overflow: hidden;\">Julio Casares pegou todas essas dificuldades e se tornou um verdadeiro mestre em fazer qualquer neg&oacute;cio gerar dinheiro. Qualquer neg&oacute;cio mesmo!</div>\n<div id=\"_mcePaste\" style=\"position: absolute; left: -10000px; top: 0px; width: 1px; height: 1px; overflow: hidden;\">Transitando por &aacute;reas altamente competitivas ao longo de sua carreira, ele criou a pr&aacute;tica de descobrir os tesouros escondidos que todo neg&oacute;cio possui &ndash; mas que precisam de esfor&ccedil;o, foco e planejamento para ser encontrados &ndash; e, depois que s&atilde;o trazidos &agrave; luz, apresentam lucros jamais esperados!</div>\n<div id=\"_mcePaste\" style=\"position: absolute; left: -10000px; top: 0px; width: 1px; height: 1px; overflow: hidden;\">Conhe&ccedil;a como opera o homem que transforma grama em ouro e programas antigos de televis&atilde;o em l&iacute;deres de audi&ecirc;ncia. Existe um mundo de tesouros escondidos &agrave; sua espera.</div>\n<p>Quantos tesouros escondidos voc&ecirc; j&aacute; deixou passar ao longo da vida?Em um mundo que fica cada vez mais competitivo, o que mais se ouve &eacute; &ldquo;n&atilde;o deu para fazer o projeto dos sonhos porque n&atilde;o tinha dinheiro para isso&rdquo;, ou &ldquo;n&atilde;o desfrutamos das f&eacute;rias que desej&aacute;vamos porque n&atilde;o deu tempo de planejar&rdquo;, ou ainda &ldquo;nosso emprego n&atilde;o &eacute; satisfat&oacute;rio porque n&atilde;o houve oportunidade melhor&rdquo;. A car&ecirc;ncia de recursos naquilo que tentamos fazer &eacute; apontada o tempo todo e, no &acirc;mbito de uma empresa, esse sintoma toma propor&ccedil;&otilde;es gigantescas.</p>\n<p>Como, ent&atilde;o, fazer uma campanha de marketing se n&atilde;o h&aacute; dinheiro para material e publicidade? Como fazer o cliente se apaixonar por sua marca, se tornar um f&atilde; fiel, quando todos os recursos se resumem a argumenta&ccedil;&atilde;o? Se n&atilde;o h&aacute; fogos de artif&iacute;cio, nem dinheiro para comprar an&uacute;ncios de televis&atilde;o ou para contratar grandes ag&ecirc;ncias de publicidade? E &ndash; ainda por cima! &ndash; voc&ecirc; trabalha com uma equipe reduzida e estafada?</p>\n<p>Julio Casares pegou todas essas dificuldades e se tornou um verdadeiro mestre em fazer qualquer neg&oacute;cio gerar dinheiro. Qualquer neg&oacute;cio mesmo!</p>\n<p>Transitando por &aacute;reas altamente competitivas ao longo de sua carreira, ele criou a pr&aacute;tica de descobrir os tesouros escondidos que todo neg&oacute;cio possui &ndash; mas que precisam de esfor&ccedil;o, foco e planejamento para ser encontrados &ndash; e, depois que s&atilde;o trazidos &agrave; luz, apresentam lucros jamais esperados!</p>\n<p>Conhe&ccedil;a como opera o homem que transforma grama em ouro e programas antigos de televis&atilde;o em l&iacute;deres de audi&ecirc;ncia. Existe um mundo de tesouros escondidos &agrave; sua espera.</p>\n<p>&nbsp;</p>\n<p>&ldquo;Julio Casares &eacute; o meu &iacute;dolo para alavancar lucros porque ele tem uma capacidade fant&aacute;stica de encontrar tesouros escondidos nas organiza&ccedil;&otilde;es em que atua e reverter essa l&oacute;gica de que &eacute; preciso muito dinheiro para fazer dinheiro.&rdquo;</p>\n<p>Roberto Shinyashiki</p>',0,1),(276,'2014-03-11 12:03:13',0,1,'O que falta para você ser feliz?','o que, falta, para, você, ser, feliz, O que falta para você ser feliz?,','','','','<p>&nbsp;</p>\n<div id=\"_mcePaste\" style=\"position: absolute; left: -10000px; top: 0px; width: 1px; height: 1px; overflow: hidden;\">Por que h&aacute; tanta gente infeliz, estressada, ansiosa ou, o pior de tudo... ap&aacute;tica?</div>\n<div id=\"_mcePaste\" style=\"position: absolute; left: -10000px; top: 0px; width: 1px; height: 1px; overflow: hidden;\">Passando por casos reais &ndash; e que s&atilde;o comuns a todos n&oacute;s &ndash;, a autora mostra que, apesar de todos acharmos que estamos buscando a felicidade, a grande maioria das pessoas sente um vazio interior dif&iacute;cil de sanar.</div>\n<div id=\"_mcePaste\" style=\"position: absolute; left: -10000px; top: 0px; width: 1px; height: 1px; overflow: hidden;\">Para definir o que constr&oacute;i a felicidade n&atilde;o faltam clich&ecirc;s. Os cart&otilde;es de anivers&aacute;rio e as revistas falam de momentos &uacute;nicos, lembran&ccedil;as de tirar o f&ocirc;lego, experi&ecirc;ncias que constroem a alma e amigos que tocam direto no cora&ccedil;&atilde;o. Enquanto somos pressionados a ter tudo isso, mal conseguimos terminar o dia sem dar um suspiro de frustra&ccedil;&atilde;o. O que falta?</div>\n<div id=\"_mcePaste\" style=\"position: absolute; left: -10000px; top: 0px; width: 1px; height: 1px; overflow: hidden;\">A autora lhe convida a uma jornada de autoconhecimento, questionando seus h&aacute;bitos mais impercept&iacute;veis e suas cren&ccedil;as estabelecidas. Assuma um compromisso consigo mesmo! Aceite o desafio e adote em sua vida o m&eacute;todo criado para que voc&ecirc; seja tudo aquilo que pode e merece ser. Encare o que falta para voc&ecirc; ser feliz.</div>\n<p>Por que h&aacute; tanta gente infeliz, estressada, ansiosa ou, o pior de tudo... ap&aacute;tica?</p>\n<p>Passando por casos reais &ndash; e que s&atilde;o comuns a todos n&oacute;s &ndash;, a autora mostra que, apesar de todos acharmos que estamos buscando a felicidade, a grande maioria das pessoas sente um vazio interior dif&iacute;cil de sanar.</p>\n<p>Para definir o que constr&oacute;i a felicidade n&atilde;o faltam clich&ecirc;s. Os cart&otilde;es de anivers&aacute;rio e as revistas falam de momentos &uacute;nicos, lembran&ccedil;as de tirar o f&ocirc;lego, experi&ecirc;ncias que constroem a alma e amigos que tocam direto no cora&ccedil;&atilde;o. Enquanto somos pressionados a ter tudo isso, mal conseguimos terminar o dia sem dar um suspiro de frustra&ccedil;&atilde;o. O que falta?</p>\n<p>A autora lhe convida a uma jornada de autoconhecimento, questionando seus h&aacute;bitos mais impercept&iacute;veis e suas cren&ccedil;as estabelecidas. Assuma um compromisso consigo mesmo! Aceite o desafio e adote em sua vida o m&eacute;todo criado para que voc&ecirc; seja tudo aquilo que pode e merece ser. Encare o que falta para voc&ecirc; ser feliz.</p>\n<p>Livro na lista dos mais vendidos!</p>',0,1),(281,'2014-04-09 16:58:32',0,1,'Geek Love','geek love, geek, love, manual, amor, nerd','','','','',1,1),(282,'2014-04-09 17:04:12',0,1,'Mulher Alfa','mulher alfa, mulher, alfa','','','','',1,1),(283,'2014-04-09 17:10:10',0,1,'O mapa da felicidade','mapa, felicidade, ','','','','',1,1),(284,'2014-05-16 17:56:59',0,1,'Mad Men e a Filosofia','Mad men, mad, men, filosofia,','','','','<p><em>Descubra o que h&aacute; por tr&aacute;s da s&eacute;rie mais viciante dos &uacute;ltimos tempos</em></p>\n<p><em>&nbsp;</em></p>\n<p><em>Mad Men</em>&nbsp;se tornou uma verdadeira mania mundial, entre um roteiro instigante, um elenco incr&iacute;vel e a produ&ccedil;&atilde;o que leva os espectadores diretamente para os anos 1960, a s&eacute;rie se tornou irresist&iacute;vel e ganhou p&uacute;blicos de todas as idades.</p>\n<p>Muito mais do que entretenimento,&nbsp;<em>Mad Men</em>&nbsp;nos fez olhar para nossas vidas e escolhas. A partir dos casos ambientados na Sterling Cooper, conseguimos questionar nossos desejos, nossos amores e nossas motiva&ccedil;&otilde;es. As coisas nas quais acreditamos s&atilde;o mesmo o que parecem?</p>\n<p>Don Draper &eacute; um homem bom? E o que Joan pode nos ensinar sobre escolhas dif&iacute;ceis? Existe &eacute;tica na propaganda? Podemos chamar Roger Sterling de her&oacute;i existencial?</p>\n<p>Entre os sedutores almo&ccedil;os regados a mart&iacute;nis, saias l&aacute;pis elegant&iacute;ssimas e muito laqu&ecirc;,&nbsp;<em>Mad Men</em>&nbsp;se torna ainda mais viciante quanto mais profundamente &eacute; analisada. Descubra de um jeito divertido e f&aacute;cil como os assuntos que a s&eacute;rie traz fazem refer&ecirc;ncia aos grandes pensadores da filosofia universal.</p>\n<p>Nada &eacute; o que parece, desvende&nbsp;<em>Mad Men</em>.</p>',1,1),(286,'2014-05-23 11:30:45',0,1,'Um país chamado Favela ','país, favela, chamado','','','','<p>&nbsp;</p>\n<div id=\"_mcePaste\" style=\"position: absolute; left: -10000px; top: 0px; width: 1px; height: 1px; overflow: hidden;\">Se as favelas fossem um estado, seriam o quinto mais populoso da federa&ccedil;&atilde;o, capaz de movimentar 63 bilh&otilde;es de reais a cada ano.</div>\n<div id=\"_mcePaste\" style=\"position: absolute; left: -10000px; top: 0px; width: 1px; height: 1px; overflow: hidden;\">A pesquisa Radiografia das Favelas Brasileiras reuniu n&uacute;meros surpreendentes e reveladores sobre este territ&oacute;rio, muitas vezes estigmatizado pelo senso comum. Da pesquisa surge este livro, que mostra que &eacute; dif&iacute;cil entender o Brasil sem entender as favelas, unindo o rigor cient&iacute;fico das pesquisas de opini&atilde;o com o conhecimento pr&aacute;tico dos moradores de favela.</div>\n<div id=\"_mcePaste\" style=\"position: absolute; left: -10000px; top: 0px; width: 1px; height: 1px; overflow: hidden;\">O universo da favela real parece ainda invis&iacute;vel &agrave; grande m&iacute;dia, aos intelectuais e a boa parte dos planejadores de neg&oacute;cios, que ignoram e desprezam seu poder transformador. Estamos diante de um novo cen&aacute;rio nas favelas do Brasil. Ent&atilde;o, quais s&atilde;o os perfis que se revelam e as perspectivas que trazem &agrave; nossa sociedade?</div>\n<div id=\"_mcePaste\" style=\"position: absolute; left: -10000px; top: 0px; width: 1px; height: 1px; overflow: hidden;\">Os autores desmistificam a favela de hoje apoiando-se em informa&ccedil;&otilde;es in&eacute;ditas, mostrando que esse &eacute; um territ&oacute;rio n&atilde;o apenas importante e em desenvolvimento, mas tamb&eacute;m uma &aacute;rea de grandes e compartilhadas oportunidades &ndash; o cora&ccedil;&atilde;o vibrante do Brasil.</div>\n<p style=\"text-align: center;\"><em>Se as favelas fossem um estado, seriam o quinto mais populoso da federa&ccedil;&atilde;o, capaz de movimentar 63 bilh&otilde;es de reais a ada ano.</em></p>\n<p>&nbsp;</p>\n<p>A pesquisa Radiografia das Favelas Brasileiras reuniu n&uacute;meros surpreendentes e reveladores sobre este territ&oacute;rio, muitas vezes estigmatizado pelo senso comum. Da pesquisa surge este livro, que mostra que &eacute; dif&iacute;cil entender o Brasil sem entender as favelas, unindo o rigor cient&iacute;fico das pesquisas de opini&atilde;o com o conhecimento pr&aacute;tico dos moradores de favela.</p>\n<p>O universo da favela real parece ainda invis&iacute;vel &agrave; grande m&iacute;dia, aos intelectuais e a boa parte dos planejadores de neg&oacute;cios, que ignoram e desprezam seu poder transformador. Estamos diante de um novo cen&aacute;rio nas favelas do Brasil. Ent&atilde;o, quais s&atilde;o os perfis que se revelam e as perspectivas que trazem &agrave; nossa sociedade?</p>\n<p>Os autores desmistificam a favela de hoje apoiando-se em informa&ccedil;&otilde;es in&eacute;ditas, mostrando que esse &eacute; um territ&oacute;rio n&atilde;o apenas importante e em desenvolvimento, mas tamb&eacute;m uma &aacute;rea de grandes e compartilhadas oportunidades &ndash; o cora&ccedil;&atilde;o vibrante do Brasil.</p>\n<p>Se as favelas fossem um estado, seriam o quinto mais populoso da federa&ccedil;&atilde;o, capaz de movimentar 63 bilh&otilde;es de reais a cada ano.A pesquisa Radiografia das Favelas Brasileiras reuniu n&uacute;meros surpreendentes e reveladores sobre este territ&oacute;rio, muitas vezes estigmatizado pelo senso comum. Da pesquisa surge este livro, que mostra que &eacute; dif&iacute;cil entender o Brasil sem entender as favelas, unindo o rigor cient&iacute;fico das pesquisas de opini&atilde;o com o conhecimento pr&aacute;tico dos moradores de favela.O universo da favela real parece ainda invis&iacute;vel &agrave; grande m&iacute;dia, aos intelectuais e a boa parte dos planejadores de neg&oacute;cios, que ignoram e desprezam seu poder transformador. Estamos diante de um novo cen&aacute;rio nas favelas do Brasil. Ent&atilde;o, quais s&atilde;o os perfis que se revelam e as perspectivas que trazem &agrave; nossa sociedade?Os autores desmistificam a favela de hoje apoiando-se em informa&ccedil;&otilde;es in&eacute;ditas, mostrando que esse &eacute; um territ&oacute;rio n&atilde;o apenas importante e em desenvolvimento, mas tamb&eacute;m uma &aacute;rea de grandes e compartilhadas oportunidades &ndash; o cora&ccedil;&atilde;o vibrante do Brasil.</p>',0,1),(287,'2014-05-23 11:41:57',0,1,'Manual da Gravidez','manual, gravidez','','','','<p>Estar gr&aacute;vida &eacute; um momento &uacute;nico, cheio de emo&ccedil;&atilde;o, mas tamb&eacute;m de d&uacute;vidas e incertezas. O mist&eacute;rio da vida &eacute; t&atilde;o complicado que mesmo as m&atilde;es que j&aacute; passaram por uma gravidez ainda t&ecirc;m quest&otilde;es. E n&atilde;o param de surgir especialistas e novas teorias sobre como os pais devem se comportar durante esse per&iacute;odo. Fica dif&iacute;cil filtrar e escolher o melhor caminho. Beber durante a gravidez: pode? Fazer exerc&iacute;cio? O que acontece depois do terceiro m&ecirc;s? Como se preparar para o temido e antecipado parto? O c&eacute;rebro da m&atilde;e muda durante a gravidez? Como assim?Um livro direto, simples e pr&aacute;tico para todas as mam&atilde;es e todos os papais viverem esse momento de maneira descomplicada e divertida. Um livro que j&aacute; vendeu mais de 350 mil c&oacute;pias nos Estados Unidos e ajudou milhares de futuras m&atilde;es e futuros pais.</p>',0,1),(291,'2014-06-25 15:30:07',0,1,'Como sair da friend zone','como, sair, friend zone','','','','<p>O famoso &ldquo;desempacamento&rdquo; &eacute; um problema entre as pessoas da gera&ccedil;&atilde;o Y. A inseguran&ccedil;a e a falta de traquejo social fazem com que os flertes evoluam para uma amizade que nunca sai da zona cinza. Como, ent&atilde;o, evitar que a rela&ccedil;&atilde;o entre algu&eacute;m e seu pretendente caia na zona da amizade?</p>\n<p>As autoras mostram que &eacute; poss&iacute;vel, sim, sair da cilada da friend zone. Para isso, as Wing Girls d&atilde;o o caminho para que os apaixonados consigam conquistar seus amantes passando pelas etapas de separa&ccedil;&atilde;o, grande virada e plano de a&ccedil;&atilde;o.&nbsp;</p>\n<p>&nbsp;</p>',1,1),(292,'2014-06-25 16:08:48',0,1,'Planejamento - A arte de criar e compartilhar valor','planejamento, arte, criar, compartilhar, valor','','','','<p>Como desenvolver uma estrat&eacute;gia eficiente em meio a um novo mercado, cada vez mais exigente?</p>\n<p>O autor revela ao leitor quais os pontos para planejar e criar valor. Para isso &eacute; preciso seguir as etapas desde a estrutura para as previs&otilde;es da empresa, a an&aacute;lise dos riscos externos e internos, a compreens&atilde;o do tri&acirc;ngulo de cria&ccedil;&atilde;o de valor at&eacute; o fechamento com equipe e estrutura capazes de concretizar todos os sonhos e objetivos da empresa.</p>',0,1),(295,'2014-07-18 16:01:15',0,1,'Tudo o que você precisa saber sobre FILOSOFIA','tudo, que, você, precisa, saber, sobre, filosofia','','','','<p>&nbsp;</p>\n<div id=\"_mcePaste\" style=\"position: absolute; left: -10000px; top: 0px; width: 1px; height: 1px; overflow: hidden;\">Descubra os maiores pensadores do mundo e suas ideias inovadoras!</div>\n<div id=\"_mcePaste\" style=\"position: absolute; left: -10000px; top: 0px; width: 1px; height: 1px; overflow: hidden;\">Muitas vezes, os livros did&aacute;ticos transformam as grandes teorias, os princ&iacute;pios e os valores da filosofia em discursos t&atilde;o tediosos que at&eacute; Plat&atilde;o rejeitaria. Tudo o que voc&ecirc; precisa saber sobre filosofia corta os detalhes chatos e a metodologia filos&oacute;fica desgastante e traz a filosofia de uma maneira envolvente que atrair&aacute; o leitor para explorar a fascinante hist&oacute;ria do pensamento humano.</div>\n<div id=\"_mcePaste\" style=\"position: absolute; left: -10000px; top: 0px; width: 1px; height: 1px; overflow: hidden;\">De Arist&oacute;teles e Heidegger ao livre arb&iacute;trio e &agrave; metaf&iacute;sica, Tudo o que voc&ecirc; precisa saber sobre filosofia &eacute; embalado com centenas de boatos filos&oacute;ficos divertidos, ilustra&ccedil;&otilde;es e quebra-cabe&ccedil;as que voc&ecirc; n&atilde;o vai ser capaz de encontrar em qualquer outro lugar.</div>\n<div id=\"_mcePaste\" style=\"position: absolute; left: -10000px; top: 0px; width: 1px; height: 1px; overflow: hidden;\">Ent&atilde;o, se voc&ecirc; est&aacute; ansioso para desvendar os mist&eacute;rios do existencialismo, ou apenas quer saber o que fez Voltaire ser conhecido como um carrapato, Tudo o que voc&ecirc; precisa saber sobre filosofia tem todas as respostas - mesmo aquelas que voc&ecirc; n&atilde;o sabia que estava procurando.</div>\n<p>Descubra os maiores pensadores do mundo e suas ideias inovadoras!</p>\n<p>Muitas vezes, os livros did&aacute;ticos transformam as grandes teorias, os princ&iacute;pios e os valores da filosofia em discursos t&atilde;o tediosos que at&eacute; Plat&atilde;o rejeitaria. Tudo o que voc&ecirc; precisa saber sobre filosofia corta os detalhes chatos e a metodologia filos&oacute;fica desgastante e traz a filosofia de uma maneira envolvente que atrair&aacute; o leitor para explorar a fascinante hist&oacute;ria do pensamento humano.</p>\n<p>De Arist&oacute;teles e Heidegger ao livre arb&iacute;trio e &agrave; metaf&iacute;sica, Tudo o que voc&ecirc; precisa saber sobre filosofia &eacute; embalado com centenas de boatos filos&oacute;ficos divertidos, ilustra&ccedil;&otilde;es e quebra-cabe&ccedil;as que voc&ecirc; n&atilde;o vai ser capaz de encontrar em qualquer outro lugar.</p>\n<p>Ent&atilde;o, se voc&ecirc; est&aacute; ansioso para desvendar os mist&eacute;rios do existencialismo, ou apenas quer saber o que fez Voltaire ser conhecido como um carrapato, Tudo o que voc&ecirc; precisa saber sobre filosofia tem todas as respostas - mesmo aquelas que voc&ecirc; n&atilde;o sabia que estava procurando.</p>\n<p>&nbsp;</p>',1,1),(296,'2014-07-18 16:07:41',0,1,'O Poder da Coragem','o poder, da, coragem','','','','<p>&nbsp;</p>\n<div id=\"_mcePaste\" style=\"position: absolute; left: -10000px; top: 0px; width: 1px; height: 1px; overflow: hidden;\">As pessoas levam uma vida cheia de autoenganos, se apegam a pequenas coisas e as transformam em falsos motivadores para seguir em frente.</div>\n<div id=\"_mcePaste\" style=\"position: absolute; left: -10000px; top: 0px; width: 1px; height: 1px; overflow: hidden;\">Aquele que n&atilde;o usa todo o seu potencial carrega consigo, diariamente, uma dor que muitas vezes nem ele entende, ou n&atilde;o se permite dedicar muita aten&ccedil;&atilde;o para descobrir a causa da apatia e do sentimento de opress&atilde;o em seu peito. Al&eacute;m disso, essa pessoa n&atilde;o enxerga o que pode fazer para tirar isso de si. Por que, ent&atilde;o, voc&ecirc; n&atilde;o faz tudo o que pode fazer?</div>\n<div id=\"_mcePaste\" style=\"position: absolute; left: -10000px; top: 0px; width: 1px; height: 1px; overflow: hidden;\">Porque voc&ecirc; n&atilde;o conhece e, assim, n&atilde;o vive as cinco chaves de poder:</div>\n<div id=\"_mcePaste\" style=\"position: absolute; left: -10000px; top: 0px; width: 1px; height: 1px; overflow: hidden;\">- Sonhos</div>\n<div id=\"_mcePaste\" style=\"position: absolute; left: -10000px; top: 0px; width: 1px; height: 1px; overflow: hidden;\">- Conhecimento</div>\n<div id=\"_mcePaste\" style=\"position: absolute; left: -10000px; top: 0px; width: 1px; height: 1px; overflow: hidden;\">- Associa&ccedil;&atilde;o</div>\n<div id=\"_mcePaste\" style=\"position: absolute; left: -10000px; top: 0px; width: 1px; height: 1px; overflow: hidden;\">- Planta&ccedil;&atilde;o</div>\n<div id=\"_mcePaste\" style=\"position: absolute; left: -10000px; top: 0px; width: 1px; height: 1px; overflow: hidden;\">- Poder da palavra</div>\n<p>As pessoas levam uma vida cheia de autoenganos, se apegam a pequenas coisas e as transformam em falsos motivadores para seguir em frente.</p>\n<p>Aquele que n&atilde;o usa todo o seu potencial carrega consigo, diariamente, uma dor que muitas vezes nem ele entende, ou n&atilde;o se permite dedicar muita aten&ccedil;&atilde;o para descobrir a causa da apatia e do sentimento de opress&atilde;o em seu peito. Al&eacute;m disso, essa pessoa n&atilde;o enxerga o que pode fazer para tirar isso de si. Por que, ent&atilde;o, voc&ecirc; n&atilde;o faz tudo o que pode fazer?</p>\n<p>Porque voc&ecirc; n&atilde;o conhece e, assim, n&atilde;o vive as cinco chaves de poder:</p>\n<p>-Sonhos</p>\n<p>-Conhecimento</p>\n<p>-Associa&ccedil;&atilde;o</p>\n<p>-Planta&ccedil;&atilde;o</p>\n<p>-Poder da palavra</p>\n<p>&nbsp;</p>',1,1),(297,'2014-07-18 16:12:35',0,1,'O vendedor inteligente','vendedor, inteligente','','','','<p>&nbsp;</p>\n<div id=\"_mcePaste\" style=\"position: absolute; left: -10000px; top: 0px; width: 1px; height: 1px; overflow: hidden;\">A venda inteligente &eacute; um m&eacute;todo certeiro para compreender as necessidades do cliente e fechar neg&oacute;cio. Muitas vezes, os vendedores perdem grandes oportunidades por usarem estrat&eacute;gias ultrapassadas e ineficientes, aplicando-as a todos os clientes, sem analisar efetivamente o perfil de cada um.</div>\n<div id=\"_mcePaste\" style=\"position: absolute; left: -10000px; top: 0px; width: 1px; height: 1px; overflow: hidden;\">Por essa raz&atilde;o, o livro aborda todas as quest&otilde;es do processo de vendas: desde os problemas que geram baixos resultados, passando pela identifica&ccedil;&atilde;o do cliente e chegando &agrave; abordagem inteligente para ter o t&atilde;o desejado sucesso.</div>\n<p>A venda inteligente &eacute; um m&eacute;todo certeiro para compreender as necessidades do cliente e fechar neg&oacute;cio. Muitas vezes, os vendedores perdem grandes oportunidades por usarem estrat&eacute;gias ultrapassadas e ineficientes, aplicando-as a todos os clientes, sem analisar efetivamente o perfil de cada um.</p>\n<p>Por essa raz&atilde;o, o livro aborda todas as quest&otilde;es do processo de vendas: desde os problemas que geram baixos resultados, passando pela identifica&ccedil;&atilde;o do cliente e chegando &agrave; abordagem inteligente para ter o t&atilde;o desejado sucesso.</p>\n<p>&nbsp;</p>',1,1),(298,'2014-07-18 16:17:08',0,1,'Vida Organizada','vida, organizada','','','','<p>&nbsp;</p>\n<div id=\"_mcePaste\" style=\"position: absolute; left: -10000px; top: 0px; width: 1px; height: 1px; overflow: hidden;\">Em seu primeiro livro, Thais Godinho mostra ao leitor as melhores maneiras de organizar a rotina e a vida. Embora a palavra &ldquo;organiza&ccedil;&atilde;o&rdquo; pare&ccedil;a estar ligada a uma realidade ut&oacute;pica, com as instru&ccedil;&otilde;es da autora, viver em paz com as coisas no lugar ficar&aacute; surpreendentemente f&aacute;cil.</div>\n<div id=\"_mcePaste\" style=\"position: absolute; left: -10000px; top: 0px; width: 1px; height: 1px; overflow: hidden;\">O livro aborda a organiza&ccedil;&atilde;o da casa, do trabalho e de todos os itens fundamentais para deixar o dia a dia mais tranquilo e, principalmente, para que o leitor possa ter muito mais tempo para a fam&iacute;lia e o lazer.</div>\n<p>Em seu primeiro livro, Thais Godinho mostra ao leitor as melhores maneiras de organizar a rotina e a vida. Embora a palavra &ldquo;organiza&ccedil;&atilde;o&rdquo; pare&ccedil;a estar ligada a uma realidade ut&oacute;pica, com as instru&ccedil;&otilde;es da autora, viver em paz com as coisas no lugar ficar&aacute; surpreendentemente f&aacute;cil.</p>\n<p>O livro aborda a organiza&ccedil;&atilde;o da casa, do trabalho e de todos os itens fundamentais para deixar o dia a dia mais tranquilo e, principalmente, para que o leitor possa ter muito mais tempo para a fam&iacute;lia e o lazer.</p>\n<p>&nbsp;</p>',1,1),(299,'2014-08-14 12:02:23',0,1,'O manual do líder','manual do líder, lider, manual','','','','<p style=\"text-align: center;\"><strong>Lideran&ccedil;a &eacute; uma arte que tem tudo a ver com gostar verdadeiramente de gente</strong></p>\n<p>Carlos D&ouml;hler &eacute; a prova de que a estrada para ser um gestor de excel&ecirc;ncia exige muito mais do que estamos acostumados a ouvir dentro das empresas. E n&atilde;o tem jeito, temos de recorrer &agrave; palavra do momento: planejamento. Contudo, precisamos de um planejamento que seja humanizado e que valorize o autodesenvolvimento das pessoas.</p>\n<p>O sucesso pessoal e a entrega de resultados se encontram numa via de m&atilde;o dupla, quando colaboradores investem nas empresas e as empresas investem em seus colaboradores. Ser gestor &eacute; como velejar: voc&ecirc; deve analisar a rota, entender os riscos, escolher o melhor caminho e estar preparado com a equipe. Assim tamb&eacute;m &eacute; o l&iacute;der que consegue chegar ao topo: com vis&atilde;o hol&iacute;stica, compreens&atilde;o das etapas do tempo e da matura&ccedil;&atilde;o do conhecimento, valoriza&ccedil;&atilde;o dos recursos e desenvolvimento de relacionamentos.</p>\n<p><em>O manual do l&iacute;der </em>&eacute; o primeiro livro de Carlos D&ouml;hler, o homem que construiu uma carreira de sucesso numa das maiores fabricantes t&ecirc;xteis do Brasil. E aqui est&aacute; o mapa para o caminho das pedras que l&iacute;deres do agora e do futuro devem trilhar. O autor revela como voc&ecirc; pode ser muito bem-sucedido seguindo uma estrat&eacute;gia segura, de resultados s&oacute;lidos.&nbsp;</p>\n<p style=\"text-align: center;\"><em>Seja voc&ecirc; o l&iacute;der de que o mercado precisa!</em></p>\n<p style=\"text-align: center;\">&ldquo;Este joinvilense fant&aacute;stico a cada nova a&ccedil;&atilde;o nos mostra que sua grandeza maior est&aacute; na proximidade com as pessoas e na simplicidade de sua postura e de suas a&ccedil;&otilde;es. E, c&aacute; entre n&oacute;s, isso &eacute; ser chique &ndash; e deste assunto eu entendo!&rdquo;</p>\n<p style=\"text-align: center;\"><strong>C&eacute;lia Le&atilde;o</strong>, consultora nas &aacute;reas de Etiqueta Empresarial e Marketing Pessoal e colunista da revista <em>Voc&ecirc; S/A</em></p>',1,1),(300,'2014-08-14 14:13:31',0,1,'O poder de ser você','poder de ser, poder, ser, você,','','','','<p>Quando voc&ecirc; acredita em si mesmo, as coisas funcionam e todos s&atilde;o contagiados<strong>!</strong></p>\n<p>O verdadeiro desafio das empresas e dos profissionais &eacute; fazer com que o trabalho seja algo realmente significativo, visando n&atilde;o s&oacute; a lucratividade como tamb&eacute;m a satisfa&ccedil;&atilde;o pessoal &ndash; uma vez que passamos cerca de um ter&ccedil;o de nossa vida trabalhando. E, com tanta press&atilde;o e desgaste, motivar e engajar colaboradores se tornou tarefa fundamental para os gestores.</p>\n<p>Os grandes j&aacute; est&atilde;o atentos a essa demanda. Empresas como Zappos, Google, Disney, Facebook e outros cases de sucesso que voc&ecirc; ver&aacute; nas p&aacute;ginas deste livro alinhar&atilde;o suas estrat&eacute;gias para oferecer felicidade, satisfa&ccedil;&atilde;o e resultados a todos os seus clientes &ndash; internos e externos.</p>\n<p>Neste livro, l&iacute;deres e colaboradores se encontram para, juntos, colocarem em pr&aacute;tica todo o potencial na busca de resultados. O objetivo &eacute; alcan&ccedil;ar mais do que o sucesso: a excel&ecirc;ncia por meio de um modo de vida corajoso que elevar&aacute; ao m&aacute;ximo a capacidade de tomada de decis&otilde;es que estar&atilde;o de acordo com a ess&ecirc;ncia de cada um.&nbsp;</p>',1,1),(301,'2014-08-14 14:34:46',0,1,'O líder alfa','líder alfa, lider, alfa','','','','<p style=\"text-align: center;\">O novo livro do autor dos <em>best-sellers</em> <em>A estrat&eacute;gia do olho de tigre</em> e <em>O instinto do sucesso</em></p>\n<p>Existem chefes &ndash; e todo mundo j&aacute; se deparou com eles durante a carreira &ndash; que em vez de extrair o melhor resultado da equipe fazem exatamente o oposto, desmotivando e oprimindo os colaboradores e, em casos mais cl&aacute;ssicos, competindo com aqueles a quem deveriam ajudar a crescer.</p>\n<p>Por isso, a capacidade de liderar se provou o maior tesouro das empresas na era moderna e a principal compet&ecirc;ncia para quem deseja ter sucesso no mundo corporativo e dos neg&oacute;cios. Afinal, a diferen&ccedil;a entre um pseudol&iacute;der e um l&iacute;der de verdade est&aacute; no entrosamento, na expans&atilde;o dos talentos individuais e, fundamentalmente, no crescimento da organiza&ccedil;&atilde;o. Para resumir melhor, bons l&iacute;deres significam resultados extraordin&aacute;rios.</p>\n<p>Renato Grinberg, especialista em lideran&ccedil;a e autor dos livros <em>best-sellers</em> <em>A estrat&eacute;gia do olho de tigre </em>e <em>O instinto do sucesso</em>, apresenta aqui um olhar precioso para quem almeja ser um grande l&iacute;der. Neste livro, voc&ecirc; ver&aacute; como o l&iacute;der n&atilde;o &eacute; apenas aquele que est&aacute; &agrave; frente de sua equipe, mas &eacute; a figura reconhecida por todos como confi&aacute;vel e refer&ecirc;ncia de quem faz as coisas acontecerem &ndash; mesmo que ainda n&atilde;o ocupe a posi&ccedil;&atilde;o de gestor. Para liderar &eacute; importante estar na busca por excel&ecirc;ncia e alta performance como l&iacute;der.&nbsp;</p>\n<p><em>Entenda como pensa, age e reage o l&iacute;der que inspira e multiplica talentos.</em></p>\n<p>&nbsp;</p>\n<p style=\"text-align: center;\">\"Renato Grinberg tem a rara compet&ecirc;ncia de extrair significado relevante de situa&ccedil;&otilde;es corriqueiras. Com <em>O l&iacute;der alfa</em> ele nos provoca em cada p&aacute;gina a refletir sobre nosso papel como l&iacute;der. Nos instiga a abandonar certos h&aacute;bitos, adquirir novas atitudes e a ter um novo olhar sobre a lideran&ccedil;a. Leitura obrigat&oacute;ria para estudantes, profissionais, executivos e l&iacute;deres.\"</p>\n<p style=\"text-align: center;\"><strong>C&eacute;sar Souza</strong><strong>&nbsp;</strong></p>\n<p style=\"text-align: center;\">Presidente do Grupo Empreenda, consultor, palestrante e autor do <em>Voc&ecirc; &eacute; o l&iacute;der da sua vida</em></p>',1,1),(304,'2014-08-14 15:01:30',0,1,'Insegurança no amor','insegurança, amor','','','','<p style=\"text-align: center;\"><strong>N&atilde;o sei lidar com relacionamentos!</strong></p>\n<p>Levante a m&atilde;o quem nunca sofreu gra&ccedil;as &agrave; inseguran&ccedil;a ou disse a si mesmo &ldquo;eu n&atilde;o sei lidar com relacionamentos!&rdquo;. Algu&eacute;m? Ou ent&atilde;o nunca perdeu o sono por causa de uma briga, ou por ter a impress&atilde;o de que as coisas haviam terminado para de manh&atilde; perceber que fez uma tempestade em copo-d&rsquo;&aacute;gua? N&atilde;o &eacute; nada f&aacute;cil ficar &agrave; espera da resposta do outro. &Eacute; menos f&aacute;cil ainda ficar buscando sinais que confirmem que os dois n&atilde;o s&oacute; querem a mesma coisa como partilham do mesmo desejo de ficar juntos para sempre.</p>\n<p>Muitas pessoas sofrem com a sensa&ccedil;&atilde;o de fragilidade e a quase eterna certeza de que seus relacionamentos n&atilde;o dar&atilde;o certo, seja por acharem que ser&atilde;o deixadas ou por acreditarem que nunca ser&atilde;o amadas na mesma intensidade de seu sentimento.</p>\n<p>Se voc&ecirc; est&aacute; pronto para parar de repetir os mesmos erros, este livro pode lhe mostrar como conseguir o amor que merece e, ainda melhor, como mant&ecirc;-lo. Dividido em quatro partes, voc&ecirc; descobrir&aacute; como surgiram seus conflitos, iniciar a mudan&ccedil;a lidando com os obst&aacute;culos que o impedem de cultivar relacionamentos felizes, criar rela&ccedil;&otilde;es &iacute;ntimas sentindo-se mais seguro e encontrar algu&eacute;m com quem poder&aacute; fazer planos. Sim, essa &eacute; a melhor parte!</p>\n<p>Chegou o momento de parar com o sofrimento e a tortura de passar horas a fio pensando se voc&ecirc;s ainda est&atilde;o bem ou se est&atilde;o prestes a passar por uma crise. Tire a inseguran&ccedil;a de vez da sua vida e descubra o <strong>amor leve</strong>.&nbsp;</p>',1,1),(306,'2014-09-08 15:21:39',0,1,'O mito da alma gêmea','mito, alma, gêmea, gemea,','','','','<p>O que &eacute; melhor do que encontrar o cara perfeito? Encontrar o homem da sua vida.</p>\n<p>Responda r&aacute;pido, voc&ecirc; j&aacute; fez alguma das coisas da lista abaixo?</p>\n<ul>\n<li>J&aacute; riscou algu&eacute;m da sua lista de paqueras ap&oacute;s um &uacute;nico encontro?</li>\n<li>J&aacute; desistiu de algu&eacute;m porque ele n&atilde;o dava sinais de que fosse mudar?</li>\n<li>Tem medo de assumir um compromisso s&eacute;rio antes da hora?</li>\n<li>Tem um namorado que todos adoram &ndash; menos voc&ecirc;?</li>\n<li>Costuma decepcionar-se com os homens ao conhec&ecirc;-los melhor?</li>\n</ul>\n<p>Se disse sim para um ou mais itens da lista, este livro &eacute; para voc&ecirc;.&nbsp; Estamos num mundo que tem mais desencontros do que encontros, onde os t&eacute;rminos superam os come&ccedil;os e no qual ter uma vida amorosa parece sonho de adolescente.</p>\n<p>Deixe as ilus&otilde;es de lado. <em>O mito da alma g&ecirc;mea </em>traz os &uacute;nicos tr&ecirc;s passos dos quais voc&ecirc; vai precisar para encontrar a pessoa certa e mant&ecirc;-la em sua vida. Afinal, o que todos queremos &ndash; todos mesmo, at&eacute; quem tem medo de compromisso &ndash; &eacute; encontrar algu&eacute;m que nos entenda, nos fa&ccedil;a rir quando estamos tristes, que seja irresist&iacute;vel mesmo quando nos tirar do s&eacute;rio e que nos inspire a fazer planos para o futuro. Afinal, quem n&atilde;o quer ver a vida finalmente come&ccedil;ar quando encontramos o parceiro que est&aacute; ali para o que der e vier?</p>\n<p>Em apenas tr&ecirc;s passos, abra-se para nunca mais procurar por uma alma g&ecirc;mea e ganhe em troca o amor de verdade!</p>',1,1),(307,'2014-09-08 15:29:09',0,1,'Resolva!','resolva!, resolva,','','','','<p><em>O livro ajuda gestores e empreendedores a encararem seus problemas e descobrirem caminhos eficazes para resolv&ecirc;-los.</em></p>\n<p><em>De acordo com o autor, o primeiro passo &eacute; definir a import&acirc;ncia e a urg&ecirc;ncia de cada um dos problemas, pois s&oacute; com essa organiza&ccedil;&atilde;o em mente a pessoa ser&aacute; capaz de lidar com eles de modo tranquilo. Al&eacute;m disso, &eacute; preciso saber que os problemas est&atilde;o l&aacute; para serem resolvidos e ter o entendimento de que tudo isso s&oacute; lhe tornar&aacute; um profissional mais experiente.</em></p>\n<p><em>Com o m&eacute;todo elaborado por Marcus Vinicius Freire, as pessoas passar&atilde;o a gostar de resolver problemas, e estar&atilde;o preparadas para agir antes, durante e depois das tempestades.</em></p>',1,1),(308,'2014-09-08 15:35:46',0,1,'Seja o melhor no que realmente importa','seja, melhor, no que, realmente, importa','','','','<p><em>&nbsp;</em></p>\n<p>Simplicidade e foco para maximizar resultados: quem n&atilde;o quer ter isso?</p>\n<p><strong>&nbsp;</strong></p>\n<p>Este livro prop&otilde;e uma ideia audaciosa: ser melhor que a concorr&ecirc;ncia nas coisas que criam verdadeiro valor para os clientes. Em vez de precisar apagar mil inc&ecirc;ndios rotineiros e perder tempo com processos que n&atilde;o geram lucro nem sucesso, encontre onde dar os tiros certeiros do seu neg&oacute;cio ou do seu produto.</p>\n<p>Para isso, Joe Calloway apresenta a &uacute;nica estrat&eacute;gia que voc&ecirc; precisa saber para transformar seu tempo em resultados &ndash; e levar sua carreira ao topo!</p>\n<p>Conhe&ccedil;a a estrat&eacute;gia que permitir&aacute; a voc&ecirc;:</p>\n<ul>\n<li>Aprimorar-se de modo constante nos detalhes espec&iacute;ficos que criam mais valor para o cliente;</li>\n<li>Esclarecer as expectativas e construir uma cultura em torno da qualidade do produto/servi&ccedil;o;</li>\n<li>Oferecer excel&ecirc;ncia consistente;</li>\n<li>Identificar as &aacute;reas do neg&oacute;cio que se tornaram t&atilde;o complicadas e, ent&atilde;o, como simplific&aacute;-las;</li>\n<li>Descobrir o que de fato motiva seus colaboradores.</li>\n</ul>\n<p>&nbsp;</p>\n<p>Para gerar resultados, crescimento e lucratividade, &eacute; preciso demonstrar excel&ecirc;ncia;<strong> </strong>voc&ecirc; deve ser<strong> o melhor no que realmente importa!</strong></p>',1,1),(309,'2014-10-22 09:37:53',0,1,'O Manual do Empreendedorismo','manual; empreendedorismo','','','','',0,1),(310,'2014-11-03 12:10:34',0,1,'O cérebro com foco e disciplina','cérebro,foco,disciplina','','','','',0,1),(312,'2014-11-03 12:21:35',0,1,'Seja o empresário da sua ideia','seja, empresário, ideia','','','','',0,1),(314,'2014-11-03 15:23:38',0,1,'365 dias de inspirações filosóficas','356, dias, inspirações, filosóficas','','','','<p><strong>Produto vem dentro de uma caixa com a arte da capa.</strong> <strong>Medidas:</strong>&nbsp; 15,5x19,5 cm formato fechado</p>',0,1);

UNLOCK TABLES;

/*Table structure for table `mobly_produtos_categorias` */

DROP TABLE IF EXISTS `mobly_produtos_categorias`;

CREATE TABLE `mobly_produtos_categorias` (
  `prod_cat_idProduto` int(11) unsigned NOT NULL,
  `prod_cat_idCategoria` int(11) unsigned NOT NULL,
  PRIMARY KEY (`prod_cat_idProduto`,`prod_cat_idCategoria`),
  KEY `FK_prod_cat_idProduto` (`prod_cat_idProduto`),
  KEY `FK_prod_cat_idCategoria` (`prod_cat_idCategoria`),
  CONSTRAINT `FK_prod_cat_idCategoria` FOREIGN KEY (`prod_cat_idCategoria`) REFERENCES `mobly_categorias` (`cat_idCategoria`),
  CONSTRAINT `FK_prod_cat_idProduto` FOREIGN KEY (`prod_cat_idProduto`) REFERENCES `mobly_produtos` (`prod_idProduto`) ON DELETE CASCADE
) ENGINE=InnoDB DEFAULT CHARSET=latin1;

/*Data for the table `mobly_produtos_categorias` */

LOCK TABLES `mobly_produtos_categorias` WRITE;

insert  into `mobly_produtos_categorias`(`prod_cat_idProduto`,`prod_cat_idCategoria`) values (2,1),(2,5),(3,2),(3,26),(4,1),(4,6),(5,1),(5,7),(6,3),(6,35),(7,2),(7,22),(8,2),(8,23),(9,1),(9,7),(10,1),(10,16),(11,1),(11,7),(12,2),(12,22),(13,1),(13,7),(14,1),(14,6),(15,2),(15,27),(16,1),(16,7),(17,2),(17,25),(18,1),(18,10),(19,2),(19,24),(20,3),(20,35),(21,2),(21,24),(22,1),(22,5),(23,1),(23,7),(25,1),(25,7),(26,1),(26,7),(27,2),(27,22),(28,2),(28,24),(29,3),(29,35),(30,1),(30,11),(32,1),(32,7),(34,1),(34,11),(35,2),(35,22),(36,1),(36,7),(37,1),(37,11),(38,3),(38,35),(39,2),(39,20),(40,1),(40,12),(41,2),(41,24),(42,1),(42,7),(43,4),(43,38),(44,4),(44,39),(45,4),(45,39),(46,2),(46,27),(47,2),(47,22),(48,2),(48,20),(51,2),(51,24),(52,1),(52,11),(53,2),(53,24),(54,3),(54,36),(55,3),(55,35),(56,3),(56,35),(57,1),(57,7),(58,1),(58,12),(59,2),(59,24),(60,4),(60,40),(61,4),(61,38),(62,2),(62,24),(63,2),(63,22),(64,2),(64,24),(65,3),(65,35),(66,2),(66,24),(67,2),(67,24),(68,1),(68,13),(69,3),(69,35),(70,2),(70,24),(71,4),(71,39),(72,3),(72,35),(73,2),(73,24),(74,4),(74,38),(75,1),(75,11),(76,2),(76,22),(77,2),(77,23),(78,2),(78,24),(79,2),(79,24),(80,2),(80,24),(81,2),(81,24),(82,1),(82,14),(83,1),(83,6),(84,1),(84,7),(86,2),(86,24),(87,2),(87,24),(88,1),(88,6),(89,2),(89,24),(90,3),(90,35),(91,1),(91,5),(92,2),(92,29),(93,2),(93,28),(94,1),(94,11),(95,2),(95,24),(96,2),(96,24),(97,1),(97,11),(98,1),(98,12),(99,2),(99,30),(100,2),(100,22),(101,1),(101,8),(102,1),(102,15),(103,1),(103,6),(105,1),(105,7),(106,2),(106,24),(107,4),(107,40),(108,1),(108,7),(109,2),(109,24),(110,2),(110,22),(111,1),(111,12),(112,1),(112,12),(113,1),(113,12),(114,1),(114,5),(115,1),(115,12),(116,7),(116,12),(116,16),(117,1),(117,5),(118,1),(118,12),(119,1),(119,12),(120,2),(120,24),(121,2),(121,24),(122,2),(122,22),(123,2),(123,22),(124,1),(124,7),(125,2),(125,24),(126,1),(126,7),(128,2),(128,22),(129,2),(129,24),(134,1),(134,11),(135,2),(135,22),(136,1),(136,5),(137,2),(137,31),(138,2),(138,22),(139,2),(139,20),(140,1),(140,13),(142,4),(142,39),(143,4),(143,40),(144,4),(144,40),(145,1),(145,14),(146,1),(146,5),(147,1),(147,7),(148,1),(148,10),(149,1),(149,7),(150,1),(150,11),(151,1),(151,11),(152,1),(152,13),(154,1),(154,10),(155,2),(155,22),(157,2),(157,22),(158,1),(158,7),(159,4),(159,38),(160,4),(160,39),(162,4),(162,39),(163,1),(163,5),(166,2),(166,22),(167,1),(167,5),(168,4),(168,41),(169,1),(169,6),(170,2),(170,22),(171,2),(171,20),(172,2),(172,24),(173,1),(173,7),(174,2),(174,22),(175,3),(175,35),(177,1),(177,5),(178,1),(178,8),(180,2),(180,24),(181,4),(181,40),(182,2),(182,21),(183,2),(183,24),(184,2),(184,24),(185,2),(185,24),(186,1),(186,7),(187,2),(187,22),(188,2),(188,24),(189,2),(189,24),(190,2),(190,22),(191,1),(191,13),(192,1),(192,7),(193,1),(193,7),(194,2),(194,22),(195,2),(195,24),(198,2),(198,24),(199,1),(199,11),(200,2),(200,22),(201,2),(201,32),(202,2),(202,22),(203,1),(203,12),(204,4),(204,39),(205,1),(205,7),(207,1),(207,7),(208,2),(208,30),(210,1),(210,7),(211,1),(211,5),(212,1),(212,5),(213,2),(213,23),(213,33),(214,1),(214,7),(215,1),(215,7),(216,2),(216,21),(216,22),(217,1),(217,11),(218,1),(218,7),(219,3),(219,35),(220,2),(220,21),(221,2),(221,23),(222,1),(222,13),(223,1),(223,5),(223,13),(224,2),(224,21),(224,22),(225,2),(225,25),(225,31),(226,1),(226,11),(227,2),(227,21),(227,22),(228,1),(228,5),(228,13),(229,2),(229,22),(229,29),(229,33),(230,1),(230,11),(230,13),(231,1),(231,7),(232,2),(232,21),(232,22),(233,2),(233,22),(234,1),(234,5),(234,13),(234,42),(235,2),(235,21),(236,2),(236,25),(237,3),(237,35),(238,1),(238,16),(238,42),(239,1),(239,13),(239,16),(240,1),(240,7),(241,2),(241,21),(241,29),(244,3),(244,36),(246,3),(246,36),(247,1),(247,13),(247,16),(248,1),(248,13),(249,2),(249,22),(250,2),(250,32),(251,2),(251,21),(251,29),(252,3),(252,35),(256,2),(256,21),(256,22),(257,2),(257,25),(258,2),(258,23),(259,2),(259,27),(259,28),(259,32),(260,2),(260,21),(260,22),(260,23),(262,2),(262,21),(263,2),(263,22),(264,2),(264,22),(264,24),(265,1),(265,6),(266,2),(266,32),(267,1),(267,13),(272,2),(272,21),(273,1),(273,13),(275,2),(275,28),(276,1),(276,13),(281,1),(281,13),(282,1),(282,13),(283,1),(283,13),(284,2),(286,2),(286,22),(287,1),(287,12),(291,1),(291,7),(291,16),(292,2),(292,21),(295,1),(295,13),(296,1),(297,2),(297,21),(297,22),(298,1),(298,11),(298,13),(299,2),(299,22),(300,2),(300,22),(301,2),(301,22),(304,1),(304,16),(306,1),(306,13),(306,16),(307,2),(307,21),(307,22),(308,2),(308,21),(308,22),(309,2),(309,22),(310,1),(310,13),(312,2),(312,33),(314,1),(314,13);

UNLOCK TABLES;

/*Table structure for table `mobly_produtos_sku` */

DROP TABLE IF EXISTS `mobly_produtos_sku`;

CREATE TABLE `mobly_produtos_sku` (
  `prod_sku_SKU` varchar(20) NOT NULL DEFAULT '',
  `prod_sku_idProduto` int(11) unsigned NOT NULL,
  `prod_sku_vitrine` tinyint(1) unsigned NOT NULL DEFAULT '0',
  `prod_sku_refFornecedor` varchar(20) DEFAULT NULL,
  `prod_sku_preco` float unsigned NOT NULL,
  `prod_sku_custo` float unsigned NOT NULL,
  `prod_sku_peso` float unsigned NOT NULL COMMENT 'gramas',
  `prod_sku_altura` float unsigned NOT NULL,
  `prod_sku_largura` float unsigned NOT NULL,
  `prod_sku_comprimento` float unsigned NOT NULL,
  `prod_sku_estoque` int(10) NOT NULL DEFAULT '0',
  `prod_sku_estoqueMinimo` int(10) unsigned NOT NULL,
  `prod_sku_presente` tinyint(3) unsigned NOT NULL DEFAULT '0',
  `prod_sku_presentePreco` float unsigned DEFAULT NULL,
  `prod_sku_ordem` tinyint(3) unsigned NOT NULL,
  `prod_sku_status` tinyint(1) unsigned NOT NULL DEFAULT '1',
  PRIMARY KEY (`prod_sku_SKU`),
  KEY `FK_prod_sku_idProduto` (`prod_sku_idProduto`),
  CONSTRAINT `FK_prod_sku_idProduto` FOREIGN KEY (`prod_sku_idProduto`) REFERENCES `mobly_produtos` (`prod_idProduto`) ON DELETE CASCADE
) ENGINE=InnoDB DEFAULT CHARSET=latin1;

/*Data for the table `mobly_produtos_sku` */

LOCK TABLES `mobly_produtos_sku` WRITE;

insert  into `mobly_produtos_sku`(`prod_sku_SKU`,`prod_sku_idProduto`,`prod_sku_vitrine`,`prod_sku_refFornecedor`,`prod_sku_preco`,`prod_sku_custo`,`prod_sku_peso`,`prod_sku_altura`,`prod_sku_largura`,`prod_sku_comprimento`,`prod_sku_estoque`,`prod_sku_estoqueMinimo`,`prod_sku_presente`,`prod_sku_presentePreco`,`prod_sku_ordem`,`prod_sku_status`) values (' 011193',295,1,'978-85-7312-972-4',29.9,0,0.25,23,16,1.5,500,0,0,0,1,1),(' 011197',297,1,'978-85-7312-974-8',24.9,0,0.2,21,14,1,499,0,0,0,1,1),('010560',213,1,'9788573123975  ',49.9,0,0.38,23,16,1.5,0,1,0,0,1,1),('010786',222,1,'9788573125887',23.9,23.9,0.22,21,14,1,3299,1,0,0,1,1),('010856',63,0,'9788573120264',29.9,0,0.18,21,14,1,500,1,0,0,1,1),('010858',123,0,'9788573123296',29.9,0,0.18,21,14,1,540,1,0,0,1,1),('011020',216,0,'9788573127362',44.9,44.9,0.63,23,16,2,0,1,0,0,2,0),('011049',214,1,'9788573127829',29.9,0,0.2,21,14,1,2754,1,0,0,1,1),('011050',23,0,'9788573127775',24.9,0,0.25,21,14,1,1909,1,0,0,1,1),('011056',215,1,'9788573127812',12.9,12.9,0.082,16,11.5,0.5,100,1,0,0,1,1),('011058',220,1,'9788573127836',24.9,24.9,0.2,21,14,1,3796,1,0,0,1,1),('011059',236,1,'9788573128482',34.9,0,0.4,23,16,1.5,1000,1,0,0,1,1),('011074',217,1,'9788573128031',24.9,24.9,0.234,18,12.5,1.5,2647,1,0,0,1,1),('011089',219,1,'9788573128024',24.9,0,0.315,23,16,1,2278,1,0,0,1,1),('011091',235,1,'9788573128048',24.9,0,0.27,23,16,1,168,1,0,0,1,1),('011094',218,1,'9788573128154',19.9,19.9,0.265,16.5,14.5,1,2836,1,0,0,1,1),('011096',221,1,'9788573128130',29.9,29.9,0.51,23,16,1.6,21,1,0,0,1,1),('011097',232,1,'9788573128185',29.9,0,0.3,21,14,1,999,1,0,0,1,1),('011101',233,1,'9788573128192',24.9,0,0.25,21,14,0.8,699,1,0,0,1,1),('011107',231,1,'9788573128208',24.9,0,0.3,21,14,1,1453,1,0,0,1,1),('011108',230,1,'9788573128215',19.9,0,0.25,21,14,0.7,2023,1,0,0,1,1),('011110',227,1,'9788573128369',24.9,29.9,0.2,21,14,1,0,1,0,0,1,1),('011111',229,1,'9788573128352',29.9,29.9,0.2,23,16,1,2900,1,0,0,1,1),('011114',241,1,'9788573128635',24.9,0,0.28,21,14,1,500,1,0,0,1,1),('011116',216,1,'9788573128260',39.9,0,0.63,23,16,2,384,1,0,0,1,1),('011117',228,1,'9788573128345',24.9,24.9,0.15,21,14,0.7,3500,1,0,0,1,1),('011118',250,1,'9788573128789',29.9,0,0.4,21,14,1.5,500,1,0,0,1,1),('011120',251,1,'9788573128796',29.9,0,0.4,21,14,1.5,1256,1,0,0,1,1),('011121',239,1,'9788573128451',24.9,0,0.35,21,14,1.2,1858,1,0,0,1,1),('011122',234,1,'9788573128338',19.9,0,0.26,16.5,14.5,1,500,1,0,0,1,1),('011124',237,1,'9788573128468',24.9,0,0.3,23,16,1,3500,1,0,0,1,1),('011125',238,1,'9788573128475',24.9,0,0.1,16.5,14.5,1,3479,1,0,0,1,1),('011126',247,1,'9788573128659',24.9,0,0.25,21,14,2,2999,1,0,0,1,1),('011133',240,1,'9788573128604',27.9,0,0.3,21,14,1,4769,1,0,0,1,1),('011134',248,1,'9788573128666',19.9,0,0.2,21,14,1,1271,1,0,0,1,1),('011135',244,1,'978-85-7312-864-2',24.9,0,0.3,21,14,1.5,194,1,0,0,1,1),('011138',246,1,'9788573128673',24.9,0,0.25,21,14,1.5,1639,1,0,0,1,1),('011139',249,1,'9788573128017',24.9,0,0.3,21,14,1.3,2000,1,0,0,1,1),('011143',252,1,'9788573128772',29.9,0,0.22,21,14,1,1084,1,0,0,1,1),('011150',257,1,'9788573128925',29.9,0,0.366,23,16,1.8,571,1,0,0,1,1),('011152',256,1,'9788573129090',24.9,0,0.21,21,14,1.4,1049,1,0,0,1,1),('011153 ',260,1,'978-85-7312-908-3',29.9,0,0.33,23,16,2,997,1,0,0,1,1),('011154',258,1,'9788573129069',29.9,0,0.2,23,16,1.2,1842,1,0,0,1,1),('011155',264,1,'978-85-7312-907-6',29.9,0,0.435,23,16,3,3173,1,0,0,1,1),('011156',259,1,'978-85-7312-910-6',24.9,0,0.15,21,14,1,392,1,0,0,1,1),('011160',265,1,'978-85-7312-913-7',99.9,0,2.25,28,22.5,3,500,1,0,0,1,1),('011162',262,1,'978-85-7312-911-3',29.9,0,0.3,23,16,1.8,621,1,0,0,1,1),('011163',263,1,'978-85-7312-912-0',29.9,0,0.25,21,14,1.5,1049,1,0,0,1,1),('011166',266,1,'978-85-7312-935-9',29.9,0,0.254,21,14,1.5,2000,1,0,0,1,1),('011170',267,1,'978-85-7312-937-3',29.9,0,0.258,21,14,1.5,500,1,0,0,1,1),('011175',292,1,'978-85-7312-962-5',29.9,0,0.3,23,16,1.5,93,1,0,0,1,1),('011176',273,1,'9788573129380',19.9,0,0.4,21,14,2,4524,0,0,0,1,1),('011180',276,1,'9788573129410',24.9,0,0.44,21,14,1.2,99,1,0,0,1,1),('011182',282,1,'9788573129564',29.9,0,0.4,23,14,1.5,500,1,0,0,1,1),('011183',281,1,'9788573129557',19.9,0,0.4,18,12.5,1.5,500,1,0,0,1,1),('011184',275,1,'9788573129533',29.9,0,0.44,21,14,1.2,2817,1,0,0,1,1),('011185',291,1,'978-85-7312-961-8',29.9,0,0.3,23,16,1.5,100,1,0,0,1,1),('011189',283,1,'9788573129571',29.9,0,0.4,21,14,1.5,494,1,0,0,1,1),('011196',306,1,'978-85-7312-984-7',29.9,0,0.25,23,16,1.2,500,0,0,0,1,1),('011198',301,1,'978-85-7312-977-9',29.9,0,0.3,23,16,1,499,0,0,0,1,1),('011199',298,1,'978-85-7312-971-7',29.9,0,0.2,21,14,1,0,0,0,0,1,1),('011205',304,1,'978-85-7312-975-5',29.9,0,0.3,23,16,1.5,500,0,0,0,1,1),('011206',308,1,'978-85-7312-985-4',29.9,0,0.25,23,16,1.5,500,0,0,0,1,1),('011207',296,1,'978-85-7312-973-1',24.9,0,0.2,21,14,1,496,0,0,0,1,1),('011210',299,1,'978-85-7312-978-6',24.9,0,0.3,21,14,1,495,1,0,0,1,1),('011211',300,1,'978-85-7312-976-2',24.9,0,0.3,21,14,1,500,1,0,0,1,1),('011219',307,1,'978-85-7312-986-1',29.9,0,0.35,21,14,1.5,500,0,0,0,1,1),('10001',23,1,'9788573127775',24.9,0,0,0,0,0,0,1,0,0,2,1),('10003',173,1,'9788573125313',34.9,0,0,0,0,0,33,1,0,0,1,1),('10004',174,1,'9788573124576',36.54,0,0,0,0,0,0,0,0,0,1,1),('10005',108,1,'9788573125337',32.9,0,0,0,0,0,378,1,0,0,1,1),('10044',187,1,'8573121483',29.9,0,0,0,0,0,100,1,0,0,1,1),('10045',63,1,'8573120266',29.9,0,0,0,0,0,91,1,0,0,2,1),('10057',107,1,'8573121254',31.9,0,0,0,0,0,0,0,0,0,1,1),('10058',144,1,'8573121548',33.9,0,0,0,0,0,0,1,0,0,1,1),('10102',102,1,'9788573120851',49.9,0,0,0,0,0,24,1,0,0,1,1),('10267',120,1,'8573121688',39.9,0,0,0,0,0,567,1,0,0,1,1),('10338',142,1,'8573122080',49.9,0,0,0,0,0,64,1,0,0,1,1),('10339',143,1,'8573122099',49.9,0,0,0,0,0,299,1,0,0,1,1),('10408',125,1,'8573122897',49.9,0,0,0,0,0,0,1,0,0,1,1),('10436',155,1,'8587881078',29.9,0,0,0,0,0,0,1,0,0,1,1),('10441',202,1,'8587881108',29.9,0,0,0,0,0,99,1,0,0,1,1),('10452',210,1,'8573123524',32.9,0,0,0,0,0,0,1,0,0,1,1),('10455',199,1,'8573124911',39.9,0,0,0,0,0,8,1,0,0,1,1),('10474',123,1,'857312329X',38.9,0,0,0,0,0,0,1,0,0,2,1),('10479',15,1,'8573123338',39.9,0,0,0,0,0,0,1,0,0,1,1),('10483',136,1,'8573123389',29.9,0,0,0,0,0,0,1,0,0,1,1),('10495',109,0,'9788573125467',42.9,0,0,0,0,0,0,1,0,0,1,0),('10496',78,1,'857312346X',39.9,0,0,0,0,0,299,1,0,0,1,1),('10504',14,1,'8573123583',39.9,0,0,0,0,0,0,1,0,0,1,1),('10513',147,1,'9788573127744',29.9,0,0,0,0,0,498,1,0,0,1,1),('10515',28,1,'8573123664',109,0,0,0,0,0,10,1,0,0,1,1),('10516',58,1,'8573123672',14.9,0,0,0,0,0,750,0,0,0,1,1),('10518',88,1,'8573123699',34.9,0,0,0,0,0,0,1,0,0,1,1),('10522',129,1,'8573123737',39.9,0,0,0,0,0,0,0,0,0,1,1),('10523',95,1,'8573123745',119,0,0,0,0,0,468,1,0,0,1,1),('10529',96,1,'8573123796',119,0,0,0,0,0,0,1,0,0,1,1),('10530',149,1,'857312380X',29.9,0,0,0,0,0,699,1,0,0,1,1),('10555',138,1,'8573123931',29.9,0,0,0,0,0,0,0,0,0,1,1),('10560',79,1,'8573123974',49.9,0,0,0,0,0,698,1,0,0,1,1),('10562',119,1,'8573123982',14.9,0,0,0,0,0,0,1,0,0,1,1),('10564',166,1,'8573124024',29.9,0,0,0,0,0,675,1,0,0,1,1),('10574',184,1,'8573124113',32.9,0,0,0,0,0,10,1,0,0,1,1),('10583',150,1,'8573124172',46.9,0,0,0,0,0,1928,1,0,0,1,1),('10585',59,1,'8573124237',52.9,0,0,0,0,0,0,1,0,0,1,1),('10600',205,1,'8573124326',23.9,0,0,0,0,0,97,1,0,0,1,1),('10601',38,1,'9788573128642',34.9,0,0,0,0,0,0,1,0,0,1,1),('10607',57,1,'8573124458',33.9,0,0,0,0,0,0,0,0,0,1,1),('10608',148,1,'8573124474',26.9,0,0,0,0,0,0,1,0,0,1,1),('10609',118,1,'8573124466',37.9,0,0,0,0,0,865,1,0,0,1,1),('10620',151,1,'9788573124491',26.9,0,0,0,0,0,2699,1,0,0,1,1),('10626',55,1,'9788573127355',14.9,0,0,0,0,0,0,1,0,0,1,1),('10629',124,1,'8573124687',24.9,0,0,0,0,0,800,1,0,0,1,1),('10630',13,1,'8573124660',32.9,0,0,0,0,0,0,0,0,0,1,1),('10631',163,1,'8573124717',19.9,0,0,0,0,0,0,1,0,0,1,1),('10637',84,1,'9788573125344',34.9,0,0,0,0,0,0,1,0,0,1,1),('10638',101,1,'8573124792',74.9,0,0,0,0,0,0,1,0,0,1,1),('10639',30,1,'8573124776',28.9,0,0,0,0,0,9,1,0,0,1,1),('10643',178,1,'8573124822',34.9,0,0,0,0,0,499,1,0,0,1,1),('10644',70,1,'8573124830',39.9,0,0,0,0,0,243,1,0,0,1,1),('10646',75,1,'8573124849',28.9,0,0,0,0,0,0,0,0,0,1,1),('10647',34,1,'8573124857',28.9,0,0,0,0,0,0,0,0,0,1,1),('10648',113,1,'8573124865',29.9,0,0,0,0,0,700,1,0,0,1,1),('10651',37,1,'8573124873',43.9,0,0,0,0,0,1985,1,0,0,1,1),('10652',167,1,'8573124938',26.9,0,0,0,0,0,0,0,0,0,1,1),('10659',194,1,'8573124881',39.9,0,0,0,0,0,0,0,0,0,1,1),('10660',192,1,'8573124946',23.9,0,0,0,0,0,0,1,0,0,1,1),('10661',186,1,'8573125012',12.9,0,0,0,0,0,0,1,0,0,1,1),('10662',89,1,'8573124997',29.9,0,0,0,0,0,160,1,0,0,1,1),('10663',60,1,'8573124989',37.9,0,0,0,0,0,0,1,0,0,1,1),('10665',76,1,'8573125047',24.9,0,0,0,0,0,5,1,0,0,1,1),('10701',198,1,'8573125101',24.9,0,0,0,0,0,0,1,0,0,1,1),('10702',21,1,'8573125152',39.9,0,0,0,0,0,0,1,0,0,1,1),('10711',71,1,'8573125225',23.9,0,0,0,0,0,1130,1,0,0,1,1),('10720',11,1,'9788573125290 ',42.9,0,0.4,23,16,1.5,0,1,0,0,1,1),('10722',203,1,'9788573125382',24.9,0,0,0,0,0,2060,1,0,0,1,1),('10724',52,1,'9788573125276',28.9,0,0,0,0,0,248,1,0,0,1,1),('10726',114,1,'9788573125429',24.9,0,0,0,0,0,0,1,0,0,1,1),('10728',2,1,'9788573125399',19.9,0,0.28,0,0,0,17,1,0,0,1,1),('10731',112,1,'9788573125443',24.9,0,0,0,0,0,0,1,0,0,1,1),('10733',109,1,'9788573125467',42.9,0,0,0,0,0,5,1,0,0,2,1),('10734',181,1,'9788573125436',36.9,0,0,0,0,0,0,1,0,0,1,1),('10735',157,1,'9788573125504',23.9,0,0,0,0,0,5,1,0,0,1,1),('10736',32,1,'9788573125481',19.9,0,0,0,0,0,0,1,0,0,1,1),('10741',162,1,'9788573125542',23.9,0,0,0,0,0,529,1,0,0,1,1),('10753',117,1,'9788573125771',26.9,0,0,0,0,0,0,1,0,0,1,1),('10771',160,1,'9788573125917',23.9,0,0,0,0,0,5,1,0,0,1,1),('10775',145,1,'9788573125931',24.9,0,0,0,0,0,1900,1,0,0,1,1),('10782',12,1,'9788573125948',42.9,0,0,0,0,0,3010,0,0,0,1,1),('10792',41,1,'9788573126303',34.9,0,0,0,0,0,0,1,0,0,1,1),('10793',65,1,'9788573126259',19.9,0,0,0,0,0,0,0,0,0,1,1),('10795',45,1,'9788573126051',24.9,0,0,0,0,0,0,0,0,0,1,1),('10796',172,1,'9788573126020',29.9,0,0,0,0,0,300,1,0,0,1,1),('10797',18,1,'9788573126044',19.9,0,0,0,0,0,28,1,0,0,1,1),('10801',80,1,'9788573126129',54.9,0,0,0,0,0,2807,1,0,0,1,1),('10803',25,1,'9788570000000',29.9,0,0,0,0,0,279,1,0,0,1,1),('10804',115,1,'9788570000000',34.9,0,0,0,0,0,0,1,0,0,1,1),('10805',9,1,'9788573126143',29.9,0,0.32,23,14,1.5,22,1,0,0,1,1),('10809',135,1,'9788573126198',42.9,0,0,0,0,0,1535,1,0,0,1,1),('10823',44,1,'9788573126280',29.9,0,0,0,0,0,0,1,0,0,1,1),('10827',146,1,'9788573126402',19.9,0,0,0,0,0,0,1,0,0,1,1),('10834',87,1,'9788573125689',39.9,0,0,0,0,0,1530,1,0,0,1,1),('10835',103,1,'9788573125665',69.9,0,0,0,0,0,0,1,0,0,1,1),('10840',73,1,'9788573126457',39.9,0,0,0,0,0,989,1,0,0,1,1),('10846',204,1,'9788573126426',29.9,0,0,0,0,0,1300,1,0,0,1,1),('10849',100,1,'9788573126730',24.9,0,0,0,0,0,1900,1,0,0,1,1),('10852',67,1,'9788573126822',29.9,0,0,0,0,0,1790,1,0,0,1,1),('10853',66,1,'9788573125627',59.9,0,0,0,0,0,0,1,0,0,1,1),('10863',121,1,'9788573126532',39.9,0,0,0,0,0,0,1,0,0,1,1),('10866',188,1,'9788573126471',49.9,0,0,0,0,0,600,1,0,0,1,1),('10870',171,1,'9788573125672',42.9,0,0,0,0,0,0,1,0,0,1,1),('10872',105,1,'9788573126433',69,0,0,0,0,0,8,1,0,0,1,1),('10876',20,1,'9788573126808',39.9,0,0,0,0,0,0,1,0,0,1,1),('10879',195,1,'9788573126518',68,0,0,0,0,0,1399,1,0,0,1,1),('10883',51,1,'9788573127294',39.9,0,0,0,0,0,0,1,0,0,1,1),('10889',4,1,'9788573126600',49.9,0,0.46,23,16,1.5,0,1,0,0,1,1),('10892',169,1,'9788573126686',69.9,0,0,0,0,0,0,1,0,0,1,1),('10895',6,1,'9788573127126',49.9,0,0.54,23,16,2,0,1,0,0,1,1),('10898',62,1,'9788573127133',19.9,0,0,0,0,0,0,1,0,0,1,1),('10903',5,1,'9788573125696',24.9,0,0.22,21,14,1,9,1,0,0,1,1),('10905',111,1,'9788573127140',29.9,0,0,0,0,0,0,1,0,0,1,1),('10913',29,1,'9788573127546',19.9,0,0,0,0,0,557,1,0,0,1,1),('10926',47,1,'9788573127102',34.9,0,0,0,0,0,1150,1,0,0,1,1),('10927',189,1,'9788573127492',37.9,0,0,0,0,0,2200,1,0,0,1,1),('10931',110,1,'9788573127454',29.9,0,0,0,0,0,1360,1,0,0,1,1),('10932',77,1,'9788573127683',34.9,0,0,0,0,0,1899,1,0,0,1,1),('10934',98,1,'9788573127119',29.9,0,0,0,0,0,372,1,0,0,1,1),('10935',86,1,'9788573127287',45,0,0,0,0,0,132,1,0,0,1,1),('10938',40,1,'9788573127270',29.9,0,0,0,0,0,2989,1,0,0,1,1),('10940',154,1,'9788573127065',24.9,0,0,0,0,0,600,1,0,0,1,1),('10951',72,1,'9788573126969',24.9,0,0,0,0,0,2040,1,0,0,1,1),('10958',170,1,'9788573126938',19.9,0,0,0,0,0,300,1,0,0,1,1),('10959',185,1,'9788570000000',59.9,0,0,0,0,0,0,1,0,0,1,1),('10962',27,1,'9788573126693',24.9,0,0,0,0,0,1308,1,0,0,1,1),('10966',139,1,'9788573127096',29.9,0,0,0,0,0,0,1,0,0,1,1),('10974',48,1,'9788573127010',24.9,0,0,0,0,0,249,1,0,0,1,1),('10977',207,1,'9788573126907',9.95,0,0,0,0,0,1844,1,0,0,1,1),('10979',183,1,'9788573126914',19.9,0,0,0,0,0,0,1,0,0,1,1),('10982',42,1,'9788573127485',22.9,0,0,0,0,0,3660,1,0,0,1,1),('10983',177,1,'9788573127003',19.9,0,0,0,0,0,1400,1,0,0,1,1),('10988',91,1,'9788573127157',24.9,0,0,0,0,0,30,1,0,0,1,1),('10990',82,1,'9788573127058',24.9,0,0,0,0,0,739,1,0,0,1,1),('10991',200,1,'9788573127805',24.9,0,0,0,0,0,1900,1,0,0,1,1),('10992',83,1,'9788573126846',45,0,0,0,0,0,0,0,0,0,1,1),('10993',19,1,'9788573126990',29.9,0,0,0,0,0,239,1,0,0,1,1),('10994',93,1,'9788573127171',24.9,0,0,0,0,0,690,1,0,0,1,1),('10996',134,1,'9788573127461',21.9,0,0,0,0,0,0,1,0,0,1,1),('10997',16,1,'9788573127041',19.9,0,0,0,0,0,106,0,0,0,1,1),('10998',26,1,'9788573127034',19.9,0,0,0,0,0,0,1,0,0,1,1),('10999',35,1,'9788573127164',29.9,0,0,0,0,0,500,0,0,0,1,1),('11000',53,1,'9788573127201',29.9,0,0,0,0,0,1360,1,0,0,1,1),('11001',10,1,'9788573127195',24.9,0,0.4,23,16,1.5,566,1,0,0,1,1),('11002',99,1,'9788573127348',29.9,0,0,0,0,0,615,1,0,0,1,1),('11005',54,1,'9788573127232',85.9,0,0,0,0,0,2871,1,0,0,1,1),('11006',92,1,'9788573127508',24.9,0,0,0,0,0,22,1,0,0,1,1),('11008',193,1,'9788573127218',19.9,0,0,0,0,0,1099,1,0,0,1,1),('11009',56,1,'9788570000000',29.9,0,0,0,0,0,500,1,0,0,1,1),('11011',81,1,'9788573127300',50,0,0,0,0,0,320,1,0,0,1,1),('11013',90,1,'9788573127317',24.9,0,0,0,0,0,1695,1,0,0,1,1),('11014',122,1,'9788573127331',49.9,0,0,0,0,0,1000,1,0,0,1,1),('11016',182,1,'9788573127324',29.9,0,0,0,0,0,700,1,0,0,1,1),('11017',128,1,'9788573127393',24.9,0,0,0,0,0,1000,1,0,0,1,1),('11018',22,1,'9788573127409',19.9,0,0,0,0,0,2997,1,0,0,1,1),('11019',180,1,'9788573127416',42.9,0,0,0,0,0,0,1,0,0,1,1),('11021',3,1,'9788573127447',17.9,0,0.185,0,0,0,1430,1,0,0,1,1),('11024',39,1,'9788573127478',26.9,0,0,0,0,0,3850,0,0,0,1,1),('11025',116,1,'9788573127423',19.9,0,0,0,0,0,2040,1,0,0,1,1),('11026',168,1,'9788573127539',24.9,0,0,0,0,0,492,1,0,0,1,1),('11027',7,1,'9788573127591',24.9,0,0.28,23,16,1,2000,1,0,0,1,1),('11028',36,1,'9788573127560',19.9,0,0,0,0,0,0,1,0,0,1,1),('11029',201,1,'9788573127522',29.9,0,0,0,0,0,1598,1,0,0,1,1),('11030',61,1,'9788573127515',24.9,0,0,0,0,0,340,1,0,0,1,1),('11031',94,1,'9788573127577',24.9,0,0,0,0,0,24,1,0,0,1,1),('11032',97,1,'9788573127584',24.9,0,0,0,0,0,1498,1,0,0,1,1),('11033',43,1,'9788573127607',24.9,0,0,0,0,0,1000,1,0,0,1,1),('11036',140,1,'9788573127676',19.9,0,0,0,0,0,2100,1,0,0,1,1),('11039',74,1,'9788573127751',29.9,0,0,0,0,0,500,1,0,0,1,1),('11040',152,1,'9788573127614',26.9,0,0,0,0,0,975,1,0,0,2,1),('11045',68,1,'9788573127720',25.9,0,0,0,0,0,1,1,0,0,1,1),('11047',190,1,'9788573127850',24.9,0,0,0,0,0,1600,1,0,0,1,1),('11048',8,1,'9788573127713',37.9,0,0.356,23,16,1.5,1041,1,0,0,1,1),('11052',106,1,'9788570000000',29.9,0,0,0,0,0,4,1,0,0,1,1),('11057',175,1,'9788573127898',29.9,0,0,0,0,0,1398,1,0,0,1,1),('11061',158,1,'9788573127874',19.9,0,0,0,0,0,400,1,0,0,1,1),('11062',126,1,'9788573127843',19.9,0,0,0,0,0,1399,1,0,0,1,1),('11063',137,1,'9788573127881',24.9,0,0,0,0,0,499,1,0,0,1,1),('11065',159,1,'9788573127867',24.9,0,0,0,0,0,2499,1,0,0,1,1),('11071',208,1,'9788573127959',24.9,0,0,0,0,0,1030,1,0,0,1,1),('11082',64,1,'9788573127973',24.9,0,0,0,0,0,1147,1,0,0,1,1),('11083',46,1,'9788573127980',19.9,0,0,0,0,0,860,1,0,0,1,1),('11085',191,1,'9788573127966',19.9,0,0,0,0,0,4292,1,0,0,1,1),('11086',69,1,'9788573127997',24.9,0,0,0,0,0,2779,1,0,0,1,1),('11087',17,1,'9788573127553',42.9,0,0,0,0,0,2100,0,0,0,1,1),('11168',287,1,'978-85-7312-936-6',24.9,0,0.4,18,12.5,2,2998,0,0,0,1,1),('11171',284,1,'978-85-7312-958-8',29.9,0,0.4,23,16,2,500,0,0,0,1,1),('11191',286,1,'978-85-7312-939-7',29.9,0,0.4,23,16,2,0,0,0,0,1,1),('11220',314,1,'978-85-7312-825-3',26.9,0,0.2,15.5,19.5,1.5,298,0,0,0,1,1),('11225',310,1,'9788573129878',24.9,0,0.3,13.5,20.5,1.5,497,0,0,0,1,1),('11226',309,1,'978-85-7312-990-8',19.9,19.9,0.025,13.5,20.5,1,299,300,0,0,1,1),('11300',312,1,'978-85-7312-988-5',24.9,0,0.3,13.5,20.5,1.5,197,0,0,0,1,1),('45644',211,1,'54654',5.44,4,1.515,54.54,5.45,5.44,289,10,0,0,1,1),('6555',211,0,'65656',5.44,4,1.515,54.54,5.45,5.44,0,10,0,0,2,1),('6OLGOSD08SAV',224,1,'9788573128284',24.9,1,0.1,23,16,1,1500,1,0,0,1,1),('7LGOQ3EXUO4I',225,1,'9788573128147',34.9,1,0.1,23,16,1,198,1,0,0,1,1),('87987987',212,1,'5646546',10,5,5.456,6.54,98.79,8.46,97,5,0,0,1,1),('9URP9FE32RAI',223,1,'9788573128291',19.9,0,0.1,21,14,1,800,1,0,0,1,1),('QCFDSF7IXI9N',226,1,'9788573128307',29.9,0,0.1,21,14,1,1138,1,0,0,1,1),('YY8PY828LD1I',272,1,'9788573129403',29.9,0,0.4,21,14,0,859,1,0,0,1,1);

UNLOCK TABLES;

/*Table structure for table `mobly_produtos_sku_atributos` */

DROP TABLE IF EXISTS `mobly_produtos_sku_atributos`;

CREATE TABLE `mobly_produtos_sku_atributos` (
  `prod_sku_atr_SKU` char(20) NOT NULL DEFAULT '',
  `prod_sku_atr_idAtributo` int(11) unsigned NOT NULL,
  PRIMARY KEY (`prod_sku_atr_SKU`,`prod_sku_atr_idAtributo`),
  KEY `FK_prod_sku_atr_SKU` (`prod_sku_atr_SKU`),
  KEY `FK_prod_sku_atr_idAtributo` (`prod_sku_atr_idAtributo`),
  CONSTRAINT `FK_prod_sku_atr_SKU` FOREIGN KEY (`prod_sku_atr_SKU`) REFERENCES `mobly_produtos_sku` (`prod_sku_SKU`) ON DELETE CASCADE,
  CONSTRAINT `FK_prod_sku_atr_idAtributo` FOREIGN KEY (`prod_sku_atr_idAtributo`) REFERENCES `mobly_variacoes_atributos` (`var_atr_idAtributo`)
) ENGINE=InnoDB DEFAULT CHARSET=latin1;

/*Data for the table `mobly_produtos_sku_atributos` */

LOCK TABLES `mobly_produtos_sku_atributos` WRITE;

insert  into `mobly_produtos_sku_atributos`(`prod_sku_atr_SKU`,`prod_sku_atr_idAtributo`) values (' 011193',1),(' 011197',1),('010560',1),('010786',1),('010856',1),('010858',1),('011020',1),('011049',1),('011050',1),('011056',1),('011058',1),('011059',1),('011074',1),('011089',1),('011091',1),('011094',1),('011096',1),('011097',1),('011101',1),('011107',1),('011108',1),('011110',1),('011111',1),('011114',1),('011116',1),('011117',1),('011118',1),('011120',1),('011121',1),('011122',1),('011124',1),('011125',1),('011126',1),('011133',1),('011134',1),('011135',1),('011138',1),('011139',1),('011143',1),('011150',1),('011152',1),('011153',1),('011154',1),('011155',1),('011156',1),('011160',1),('011162',1),('011163',1),('011166',1),('011170',1),('011175',1),('011176',1),('011180',1),('011182',1),('011183',1),('011184',1),('011185',1),('011189',1),('011196',1),('011198',1),('011199',1),('011205',1),('011206',1),('011207',1),('011210',1),('011211',1),('011219',1),('10001',1),('10003',1),('10004',1),('10005',1),('10044',1),('10045',1),('10057',1),('10058',1),('10102',1),('10267',1),('10338',1),('10339',1),('10408',1),('10436',1),('10441',1),('10452',1),('10455',1),('10474',1),('10479',1),('10483',1),('10495',1),('10496',1),('10504',1),('10513',1),('10515',1),('10516',1),('10518',1),('10522',1),('10523',1),('10529',1),('10530',1),('10555',1),('10560',1),('10562',1),('10564',1),('10574',1),('10583',1),('10585',1),('10600',1),('10601',1),('10607',1),('10608',1),('10609',1),('10620',1),('10626',1),('10629',1),('10630',1),('10631',1),('10637',1),('10638',1),('10639',1),('10643',1),('10644',1),('10646',1),('10647',1),('10648',1),('10651',1),('10652',1),('10659',1),('10660',1),('10661',1),('10662',1),('10663',1),('10665',1),('10701',1),('10702',1),('10711',1),('10720',1),('10722',1),('10724',1),('10726',1),('10728',1),('10731',1),('10733',1),('10734',1),('10735',1),('10736',1),('10741',1),('10753',1),('10771',1),('10775',1),('10782',1),('10792',1),('10793',1),('10795',1),('10796',1),('10797',1),('10801',1),('10803',1),('10804',1),('10805',1),('10809',1),('10823',1),('10827',1),('10834',1),('10835',1),('10840',1),('10846',1),('10849',1),('10852',1),('10853',1),('10863',1),('10866',1),('10870',1),('10872',1),('10876',1),('10879',1),('10883',1),('10889',1),('10892',1),('10895',1),('10898',1),('10903',1),('10905',1),('10913',1),('10926',1),('10927',1),('10931',1),('10932',1),('10934',1),('10935',1),('10938',1),('10940',1),('10951',1),('10958',1),('10959',1),('10962',1),('10966',1),('10974',1),('10977',1),('10979',1),('10982',1),('10983',1),('10988',1),('10990',1),('10991',1),('10992',1),('10993',1),('10994',1),('10996',1),('10997',1),('10998',1),('10999',1),('11000',1),('11001',1),('11002',1),('11005',1),('11006',1),('11008',1),('11009',1),('11011',1),('11013',1),('11014',1),('11016',1),('11017',1),('11018',1),('11019',1),('11021',1),('11024',1),('11025',1),('11026',1),('11027',1),('11028',1),('11029',1),('11030',1),('11031',1),('11032',1),('11033',1),('11036',1),('11039',1),('11040',1),('11045',1),('11047',1),('11048',1),('11052',1),('11057',1),('11061',1),('11062',1),('11063',1),('11065',1),('11071',1),('11082',1),('11083',1),('11085',1),('11086',1),('11087',1),('11168',1),('11171',1),('11191',1),('11220',1),('11225',1),('11226',1),('11300',1),('6OLGOSD08SAV',1),('7LGOQ3EXUO4I',1),('87987987',1),('9URP9FE32RAI',1),('QCFDSF7IXI9N',1),('YY8PY828LD1I',1),('45644',2),('45644',3),('6555',4),('6555',5);

UNLOCK TABLES;

/*Table structure for table `mobly_produtos_sku_imagens` */

DROP TABLE IF EXISTS `mobly_produtos_sku_imagens`;

CREATE TABLE `mobly_produtos_sku_imagens` (
  `prod_sku_img_SKU` char(20) NOT NULL DEFAULT '',
  `prod_sku_img_idImagem` int(11) unsigned NOT NULL,
  `prod_sku_img_ordem` tinyint(1) NOT NULL DEFAULT '0',
  PRIMARY KEY (`prod_sku_img_SKU`,`prod_sku_img_idImagem`),
  KEY `FK_prod_sku_img_SKU` (`prod_sku_img_SKU`),
  KEY `FK_prod_sku_img_idImagem` (`prod_sku_img_idImagem`),
  CONSTRAINT `FK_prod_sku_img_SKU` FOREIGN KEY (`prod_sku_img_SKU`) REFERENCES `mobly_produtos_sku` (`prod_sku_SKU`) ON DELETE CASCADE ON UPDATE CASCADE,
  CONSTRAINT `FK_prod_sku_img_idImagem` FOREIGN KEY (`prod_sku_img_idImagem`) REFERENCES `mobly_galerias_arquivos` (`gal_arq_idArquivo`)
) ENGINE=InnoDB DEFAULT CHARSET=latin1;

/*Data for the table `mobly_produtos_sku_imagens` */

LOCK TABLES `mobly_produtos_sku_imagens` WRITE;

insert  into `mobly_produtos_sku_imagens`(`prod_sku_img_SKU`,`prod_sku_img_idImagem`,`prod_sku_img_ordem`) values (' 011193',143,1),(' 011197',143,1),('010786',24,1),('010856',143,1),('010858',143,1),('011020',24,1),('011049',24,1),('011050',143,1),('011056',143,1),('011058',24,1),('011059',24,1),('011074',143,1),('011089',143,1),('011091',143,1),('011094',24,1),('011096',143,1),('011097',24,1),('011101',143,1),('011107',143,1),('011108',24,1),('011110',143,1),('011111',143,1),('011114',143,1),('011116',24,1),('011117',24,1),('011118',24,1),('011120',143,1),('011121',143,1),('011122',24,1),('011124',143,1),('011125',24,1),('011126',143,1),('011133',24,1),('011134',24,1),('011135',24,1),('011138',24,1),('011139',143,1),('011143',24,1),('011150',143,1),('011152',24,1),('011153',24,1),('011154',24,1),('011155',24,1),('011156',143,1),('011160',143,1),('011162',24,1),('011163',143,1),('011166',24,1),('011170',143,1),('011175',24,1),('011176',143,1),('011180',24,1),('011182',24,1),('011183',143,1),('011184',143,1),('011185',143,1),('011189',143,1),('011196',24,1),('011198',143,1),('011199',24,1),('011205',24,1),('011206',24,1),('011207',24,1),('011210',143,1),('011211',24,1),('011219',143,1),('10001',143,1),('10003',143,1),('10004',24,1),('10005',24,1),('10044',143,1),('10045',143,1),('10057',143,1),('10058',24,1),('10102',24,1),('10267',24,1),('10338',24,1),('10339',143,1),('10408',143,1),('10436',143,1),('10441',24,1),('10452',24,1),('10455',143,1),('10474',143,1),('10479',143,1),('10483',24,1),('10495',143,1),('10496',24,1),('10504',24,1),('10513',143,1),('10515',24,1),('10516',24,1),('10518',24,1),('10522',143,1),('10523',143,1),('10529',24,1),('10530',143,1),('10555',24,1),('10560',143,1),('10562',143,1),('10564',24,1),('10574',24,1),('10583',24,1),('10585',143,1),('10600',143,1),('10601',24,1),('10607',143,1),('10608',24,1),('10609',24,1),('10620',143,1),('10626',143,1),('10629',24,1),('10630',143,1),('10631',143,1),('10637',24,1),('10638',143,1),('10639',24,1),('10643',24,1),('10644',24,1),('10646',143,1),('10647',24,1),('10648',143,1),('10651',143,1),('10652',143,1),('10659',24,1),('10660',24,1),('10661',24,1),('10662',143,1),('10663',24,1),('10665',24,1),('10701',24,1),('10702',143,1),('10711',143,1),('10720',143,1),('10722',143,1),('10724',24,1),('10726',24,1),('10728',24,1),('10731',24,1),('10733',143,1),('10734',143,1),('10735',143,1),('10736',24,1),('10741',24,1),('10753',143,1),('10771',24,1),('10775',143,1),('10782',24,1),('10792',143,1),('10793',143,1),('10795',143,1),('10796',24,1),('10797',24,1),('10801',24,1),('10803',143,1),('10804',143,1),('10805',143,1),('10809',143,1),('10823',24,1),('10827',24,1),('10834',143,1),('10835',143,1),('10840',143,1),('10846',24,1),('10849',24,1),('10852',143,1),('10853',24,1),('10863',143,1),('10866',24,1),('10870',143,1),('10872',143,1),('10876',24,1),('10879',143,1),('10883',143,1),('10889',24,1),('10892',143,1),('10895',24,1),('10898',24,1),('10903',143,1),('10905',143,1),('10913',143,1),('10926',143,1),('10927',143,1),('10931',24,1),('10932',143,1),('10934',24,1),('10935',24,1),('10938',24,1),('10940',24,1),('10951',24,1),('10958',24,1),('10959',143,1),('10962',143,1),('10966',143,1),('10974',24,1),('10977',143,1),('10979',143,1),('10982',24,1),('10983',143,1),('10988',143,1),('10990',24,1),('10991',24,1),('10992',143,1),('10993',143,1),('10994',143,1),('10996',24,1),('10997',24,1),('10998',24,1),('10999',143,1),('11000',143,1),('11001',24,1),('11002',143,1),('11005',24,1),('11006',24,1),('11008',143,1),('11009',24,1),('11011',143,1),('11013',24,1),('11014',24,1),('11016',24,1),('11017',24,1),('11018',24,1),('11019',24,1),('11021',143,1),('11024',143,1),('11025',24,1),('11026',24,1),('11027',143,1),('11028',24,1),('11029',143,1),('11030',143,1),('11031',24,1),('11032',143,1),('11033',143,1),('11036',24,1),('11039',24,1),('11040',24,1),('11045',24,1),('11047',24,1),('11048',24,1),('11052',24,1),('11057',143,1),('11061',24,1),('11062',24,1),('11063',143,1),('11065',143,1),('11071',24,1),('11082',24,1),('11083',24,1),('11085',143,1),('11086',143,1),('11087',143,1),('11168',143,1),('11171',24,1),('11191',24,1),('11220',24,1),('11225',24,1),('11226',143,1),('11300',24,1),('45644',143,1),('6555',143,1),('6OLGOSD08SAV',24,1),('7LGOQ3EXUO4I',143,1),('87987987',24,1),('9URP9FE32RAI',143,1),('QCFDSF7IXI9N',24,1),('YY8PY828LD1I',24,1);

UNLOCK TABLES;

/*Table structure for table `mobly_produtos_variacoes` */

DROP TABLE IF EXISTS `mobly_produtos_variacoes`;

CREATE TABLE `mobly_produtos_variacoes` (
  `prod_var_idProduto` int(11) unsigned NOT NULL,
  `prod_var_idVariacao` int(11) unsigned NOT NULL,
  `prod_var_ordem` int(10) unsigned NOT NULL,
  PRIMARY KEY (`prod_var_idProduto`,`prod_var_idVariacao`),
  KEY `FK_prod_var_idProduto` (`prod_var_idProduto`),
  KEY `FK_prod_var_idVariacao` (`prod_var_idVariacao`),
  CONSTRAINT `FK_prod_var_idProduto` FOREIGN KEY (`prod_var_idProduto`) REFERENCES `mobly_produtos` (`prod_idProduto`) ON DELETE CASCADE,
  CONSTRAINT `FK_prod_var_idVariacao` FOREIGN KEY (`prod_var_idVariacao`) REFERENCES `mobly_variacoes` (`var_idVariacao`) ON DELETE CASCADE
) ENGINE=InnoDB DEFAULT CHARSET=latin1;

/*Data for the table `mobly_produtos_variacoes` */

LOCK TABLES `mobly_produtos_variacoes` WRITE;

insert  into `mobly_produtos_variacoes`(`prod_var_idProduto`,`prod_var_idVariacao`,`prod_var_ordem`) values (2,1,1),(3,1,1),(4,1,1),(5,1,1),(6,1,1),(7,1,1),(8,1,1),(9,1,1),(10,1,1),(11,1,1),(12,1,1),(13,1,1),(14,1,1),(15,1,1),(16,1,1),(17,1,1),(18,1,1),(19,1,1),(20,1,1),(21,1,1),(22,1,1),(23,1,1),(25,1,1),(26,1,1),(27,1,1),(28,1,1),(29,1,1),(30,1,1),(32,1,1),(34,1,1),(35,1,1),(36,1,1),(37,1,1),(38,1,1),(39,1,1),(40,1,1),(41,1,1),(42,1,1),(43,1,1),(44,1,1),(45,1,1),(46,1,1),(47,1,1),(48,1,1),(51,1,1),(52,1,1),(53,1,1),(54,1,1),(55,1,1),(56,1,1),(57,1,1),(58,1,1),(59,1,1),(60,1,1),(61,1,1),(62,1,1),(63,1,1),(64,1,1),(65,1,1),(66,1,1),(67,1,1),(68,1,1),(69,1,1),(70,1,1),(71,1,1),(72,1,1),(73,1,1),(74,1,1),(75,1,1),(76,1,1),(77,1,1),(78,1,1),(79,1,1),(80,1,1),(81,1,1),(82,1,1),(83,1,1),(84,1,1),(86,1,1),(87,1,1),(88,1,1),(89,1,1),(90,1,1),(91,1,1),(92,1,1),(93,1,1),(94,1,1),(95,1,1),(96,1,1),(97,1,1),(98,1,1),(99,1,1),(100,1,1),(101,1,1),(102,1,1),(103,1,1),(105,1,1),(106,1,1),(107,1,1),(108,1,1),(109,1,1),(110,1,1),(111,1,1),(112,1,1),(113,1,1),(114,1,1),(115,1,1),(116,1,1),(117,1,1),(118,1,1),(119,1,1),(120,1,1),(121,1,1),(122,1,1),(123,1,1),(124,1,1),(125,1,1),(126,1,1),(128,1,1),(129,1,1),(134,1,1),(135,1,1),(136,1,1),(137,1,1),(138,1,1),(139,1,1),(140,1,1),(142,1,1),(143,1,1),(144,1,1),(145,1,1),(146,1,1),(147,1,1),(148,1,1),(149,1,1),(150,1,1),(151,1,1),(152,1,1),(154,1,1),(155,1,1),(157,1,1),(158,1,1),(159,1,1),(160,1,1),(162,1,1),(163,1,1),(166,1,1),(167,1,1),(168,1,1),(169,1,1),(170,1,1),(171,1,1),(172,1,1),(173,1,1),(174,1,1),(175,1,1),(177,1,1),(178,1,1),(180,1,1),(181,1,1),(182,1,1),(183,1,1),(184,1,1),(185,1,1),(186,1,1),(187,1,1),(188,1,1),(189,1,1),(190,1,1),(191,1,1),(192,1,1),(193,1,1),(194,1,1),(195,1,1),(198,1,1),(199,1,1),(200,1,1),(201,1,1),(202,1,1),(203,1,1),(204,1,1),(205,1,1),(207,1,1),(208,1,1),(210,1,1),(211,2,1),(211,3,2),(212,1,1),(213,1,1),(214,1,1),(215,1,1),(216,1,1),(217,1,1),(218,1,1),(219,1,1),(220,1,1),(221,1,1),(222,1,1),(223,1,1),(224,1,1),(225,1,1),(226,1,1),(227,1,1),(228,1,1),(229,1,1),(230,1,1),(231,1,1),(232,1,1),(233,1,1),(234,1,1),(235,1,1),(236,1,1),(237,1,1),(238,1,1),(239,1,1),(240,1,1),(241,1,1),(244,1,1),(246,1,1),(247,1,1),(248,1,1),(249,1,1),(250,1,1),(251,1,1),(252,1,1),(256,1,1),(257,1,1),(258,1,1),(259,1,1),(260,1,1),(262,1,1),(263,1,1),(264,1,1),(265,1,1),(266,1,1),(267,1,1),(272,1,1),(273,1,1),(275,1,1),(276,1,1),(281,1,1),(282,1,1),(283,1,1),(284,1,1),(286,1,1),(287,1,1),(291,1,1),(292,1,1),(295,1,1),(296,1,1),(297,1,1),(298,1,1),(299,1,1),(300,1,1),(301,1,1),(304,1,1),(306,1,1),(307,1,1),(308,1,1),(309,1,1),(310,1,1),(312,1,1),(314,1,1);

UNLOCK TABLES;

/*Table structure for table `mobly_sis_modulos` */

DROP TABLE IF EXISTS `mobly_sis_modulos`;

CREATE TABLE `mobly_sis_modulos` (
  `mod_idModulo` int(11) unsigned NOT NULL AUTO_INCREMENT,
  `mod_nome` varchar(50) NOT NULL,
  `mod_rotulo` varchar(50) NOT NULL,
  PRIMARY KEY (`mod_idModulo`)
) ENGINE=InnoDB AUTO_INCREMENT=22 DEFAULT CHARSET=latin1;

/*Data for the table `mobly_sis_modulos` */

LOCK TABLES `mobly_sis_modulos` WRITE;

insert  into `mobly_sis_modulos`(`mod_idModulo`,`mod_nome`,`mod_rotulo`) values (1,'sistema_usuarios','Perfis e Usuários'),(2,'clientes','Clientes'),(3,'categorias','Categorias'),(4,'marcas','Marcas'),(6,'variacoes','Variações'),(7,'produtos','Produtos'),(21,'pedidos','Pedidos');

UNLOCK TABLES;

/*Table structure for table `mobly_sis_modulos_acoes` */

DROP TABLE IF EXISTS `mobly_sis_modulos_acoes`;

CREATE TABLE `mobly_sis_modulos_acoes` (
  `mod_acao_idAcao` int(11) unsigned NOT NULL AUTO_INCREMENT,
  `mod_acao_idModulo` int(11) unsigned NOT NULL,
  `mod_acao_nome` varchar(60) NOT NULL,
  `mod_acao_rotulo` varchar(60) NOT NULL,
  PRIMARY KEY (`mod_acao_idAcao`),
  KEY `FK_mod_acao_idModulo` (`mod_acao_idModulo`),
  CONSTRAINT `FK_mod_acao_idModulo` FOREIGN KEY (`mod_acao_idModulo`) REFERENCES `mobly_sis_modulos` (`mod_idModulo`) ON DELETE CASCADE ON UPDATE NO ACTION
) ENGINE=InnoDB AUTO_INCREMENT=90 DEFAULT CHARSET=latin1;

/*Data for the table `mobly_sis_modulos_acoes` */

LOCK TABLES `mobly_sis_modulos_acoes` WRITE;

insert  into `mobly_sis_modulos_acoes`(`mod_acao_idAcao`,`mod_acao_idModulo`,`mod_acao_nome`,`mod_acao_rotulo`) values (1,1,'index','Listar perfis e usuários'),(2,1,'perfil-insert','Inserir Perfil'),(3,1,'perfil-update','Editar Perfil'),(4,1,'perfil-delete','Remover Perfil'),(5,1,'usuario-insert','Inserir Usuário'),(6,1,'usuario-update','Editar Usuário'),(7,1,'usuario-delete','Remover Usuário'),(8,1,'perfil-grant-perms','Atribuir permissões ao Perfil'),(9,2,'index','Listagem de Clientes'),(10,2,'insert','Inserir Cliente'),(11,2,'update','Editar Cliente'),(12,2,'delete','Remover Cliente'),(13,3,'index','Listar Categorias'),(14,3,'insert','Inserir Categoria'),(15,3,'update','Editar Categoria'),(16,3,'delete','Remover Categoria'),(17,4,'index','Listar Marcas'),(18,4,'insert','Inserir Marca'),(19,4,'update','Editar Marca'),(20,4,'delete','Remover Marca'),(25,6,'index','Listar Variações'),(26,6,'insert','Inserir Variações'),(27,6,'update','Editar Variação'),(28,6,'delete','Remover Variação'),(29,7,'index','Listar Produtos'),(30,7,'insert','Inserir Produto'),(31,7,'update','Editar Produto'),(32,7,'delete','Remover Produto'),(80,21,'index','Listar Pedidos'),(81,21,'detalhe','Exibir detalhes do Pedido'),(82,21,'updatestatus','Alterar status do pedido'),(89,21,'codigo-correios','Alterar código de rastreamento dos correios');

UNLOCK TABLES;

/*Table structure for table `mobly_sis_perfis` */

DROP TABLE IF EXISTS `mobly_sis_perfis`;

CREATE TABLE `mobly_sis_perfis` (
  `per_idPerfil` int(11) unsigned NOT NULL AUTO_INCREMENT,
  `per_nome` varchar(40) NOT NULL,
  PRIMARY KEY (`per_idPerfil`)
) ENGINE=InnoDB AUTO_INCREMENT=2 DEFAULT CHARSET=latin1;

/*Data for the table `mobly_sis_perfis` */

LOCK TABLES `mobly_sis_perfis` WRITE;

insert  into `mobly_sis_perfis`(`per_idPerfil`,`per_nome`) values (1,'Administrador');

UNLOCK TABLES;

/*Table structure for table `mobly_sis_permissoes` */

DROP TABLE IF EXISTS `mobly_sis_permissoes`;

CREATE TABLE `mobly_sis_permissoes` (
  `perm_idPerfil` int(11) unsigned NOT NULL,
  `perm_idAcao` int(11) unsigned NOT NULL,
  PRIMARY KEY (`perm_idPerfil`,`perm_idAcao`),
  KEY `FK_perm_idPerfil` (`perm_idPerfil`),
  KEY `FK_perm_idAcao` (`perm_idAcao`),
  CONSTRAINT `FK_perm_idAcao` FOREIGN KEY (`perm_idAcao`) REFERENCES `mobly_sis_modulos_acoes` (`mod_acao_idAcao`) ON DELETE CASCADE ON UPDATE NO ACTION,
  CONSTRAINT `FK_perm_idPerfil` FOREIGN KEY (`perm_idPerfil`) REFERENCES `mobly_sis_perfis` (`per_idPerfil`) ON DELETE CASCADE ON UPDATE NO ACTION
) ENGINE=InnoDB DEFAULT CHARSET=latin1;

/*Data for the table `mobly_sis_permissoes` */

LOCK TABLES `mobly_sis_permissoes` WRITE;

insert  into `mobly_sis_permissoes`(`perm_idPerfil`,`perm_idAcao`) values (1,1),(1,2),(1,3),(1,4),(1,5),(1,6),(1,7),(1,8),(1,9),(1,10),(1,11),(1,12),(1,13),(1,14),(1,15),(1,16),(1,17),(1,18),(1,19),(1,20),(1,25),(1,26),(1,27),(1,28),(1,29),(1,30),(1,31),(1,32),(1,80),(1,81),(1,82),(1,89);

UNLOCK TABLES;

/*Table structure for table `mobly_sis_usuarios` */

DROP TABLE IF EXISTS `mobly_sis_usuarios`;

CREATE TABLE `mobly_sis_usuarios` (
  `usr_idUsuario` int(11) unsigned NOT NULL AUTO_INCREMENT,
  `usr_idPerfil` int(11) unsigned NOT NULL,
  `usr_login` varchar(15) NOT NULL,
  `usr_senha` varchar(32) NOT NULL,
  `usr_nome` varchar(60) NOT NULL,
  `usr_email` varchar(60) NOT NULL,
  `usr_status` tinyint(1) unsigned NOT NULL DEFAULT '1',
  PRIMARY KEY (`usr_idUsuario`),
  UNIQUE KEY `IDX_usr_login` (`usr_login`),
  KEY `FK_usr_idPerfil` (`usr_idPerfil`),
  CONSTRAINT `FK_usr_idPerfil` FOREIGN KEY (`usr_idPerfil`) REFERENCES `mobly_sis_perfis` (`per_idPerfil`) ON DELETE CASCADE ON UPDATE NO ACTION
) ENGINE=InnoDB AUTO_INCREMENT=2 DEFAULT CHARSET=latin1;

/*Data for the table `mobly_sis_usuarios` */

LOCK TABLES `mobly_sis_usuarios` WRITE;

insert  into `mobly_sis_usuarios`(`usr_idUsuario`,`usr_idPerfil`,`usr_login`,`usr_senha`,`usr_nome`,`usr_email`,`usr_status`) values (1,1,'admin','123mudar','Rodrigo Lacerda','r.lacerda83@gmail.com',1);

UNLOCK TABLES;

/*Table structure for table `mobly_variacoes` */

DROP TABLE IF EXISTS `mobly_variacoes`;

CREATE TABLE `mobly_variacoes` (
  `var_idVariacao` int(11) unsigned NOT NULL AUTO_INCREMENT,
  `var_idImagem` int(11) unsigned DEFAULT NULL,
  `var_nome` varchar(150) NOT NULL DEFAULT '',
  `var_rotulo` varchar(30) NOT NULL DEFAULT '',
  `var_unica` tinyint(1) NOT NULL DEFAULT '0',
  PRIMARY KEY (`var_idVariacao`),
  KEY `FK_var_idImagem` (`var_idImagem`),
  CONSTRAINT `FK_var_idImagem` FOREIGN KEY (`var_idImagem`) REFERENCES `mobly_galerias_arquivos` (`gal_arq_idArquivo`)
) ENGINE=InnoDB AUTO_INCREMENT=4 DEFAULT CHARSET=latin1;

/*Data for the table `mobly_variacoes` */

LOCK TABLES `mobly_variacoes` WRITE;

insert  into `mobly_variacoes`(`var_idVariacao`,`var_idImagem`,`var_nome`,`var_rotulo`,`var_unica`) values (1,NULL,'Variação','Variação',1),(2,NULL,'Cores','cores',0),(3,NULL,'tamanho','tamanho',0);

UNLOCK TABLES;

/*Table structure for table `mobly_variacoes_atributos` */

DROP TABLE IF EXISTS `mobly_variacoes_atributos`;

CREATE TABLE `mobly_variacoes_atributos` (
  `var_atr_idAtributo` int(11) unsigned NOT NULL AUTO_INCREMENT,
  `var_atr_idVariacao` int(11) unsigned NOT NULL,
  `var_atr_idImagem` int(11) unsigned DEFAULT NULL,
  `var_atr_valor` varchar(30) NOT NULL DEFAULT '',
  `var_atr_ordem` int(10) unsigned NOT NULL,
  `var_atr_status` tinyint(1) unsigned NOT NULL DEFAULT '1',
  `var_atr_unica` tinyint(1) NOT NULL DEFAULT '0',
  PRIMARY KEY (`var_atr_idAtributo`),
  KEY `FK_var_atr_idImagem` (`var_atr_idImagem`),
  KEY `FK_var_atr_idVariacao` (`var_atr_idVariacao`),
  CONSTRAINT `FK_var_atr_idImagem` FOREIGN KEY (`var_atr_idImagem`) REFERENCES `mobly_galerias_arquivos` (`gal_arq_idArquivo`),
  CONSTRAINT `FK_var_atr_idVariacao` FOREIGN KEY (`var_atr_idVariacao`) REFERENCES `mobly_variacoes` (`var_idVariacao`) ON DELETE CASCADE
) ENGINE=InnoDB AUTO_INCREMENT=6 DEFAULT CHARSET=latin1;

/*Data for the table `mobly_variacoes_atributos` */

LOCK TABLES `mobly_variacoes_atributos` WRITE;

insert  into `mobly_variacoes_atributos`(`var_atr_idAtributo`,`var_atr_idVariacao`,`var_atr_idImagem`,`var_atr_valor`,`var_atr_ordem`,`var_atr_status`,`var_atr_unica`) values (1,1,NULL,'Única',1,1,1),(2,2,NULL,'Vermelho',1,1,0),(3,3,NULL,'30',1,1,0),(4,2,NULL,'Verde',2,1,0),(5,3,NULL,'40',2,1,0);

UNLOCK TABLES;

/*!40101 SET SQL_MODE=@OLD_SQL_MODE */;
/*!40014 SET FOREIGN_KEY_CHECKS=@OLD_FOREIGN_KEY_CHECKS */;
/*!40014 SET UNIQUE_CHECKS=@OLD_UNIQUE_CHECKS */;
/*!40111 SET SQL_NOTES=@OLD_SQL_NOTES */;
